"(188, 187)",1,"(1403, 1152)",17
"(190, 187)",1,"(1565, 1565)",10
"(192, 187)",1,"(1568, 1568)",106
"(193, 187)",1,"(1563, 1563)",9
"(194, 187)",1,"(1650, 1656)",4
"(195, 187)",1,"(1651, 1657)",3
"(312, 313)",1,"(1265, 1254)",6
"(315, 313)",1,"(3997, 2848)",1
"(317, 312)",1,"(1568, 1564)",18
"(318, 312)",1,"(1568, 1569)",81
"(319, 312)",1,"(2369, 2369)",5
"(319, 313)",1,"(1565, 1568)",24
"(640, 553)",1,"(2080, 2080)",70
"(642, 669)",1,"(1567, 1563)",23
"(649, 673)",1,"(2334, 2321)",2
"(652, 673)",1,"(1375, 1376)",22
"(654, 600)",1,"(1466, 1471)",4
"(655, 658)",1,"(1631, 1424)",2
"(656, 670)",1,"(1867, 1870)",2
"(658, 672)",1,"(2371, 2371)",11
"(774, 777)",1,"(2113, 2056)",141
"(786, 769)",1,"(1256, 1250)",3
"(796, 752)",1,"(1854, 1872)",1
"(800, 750)",1,"(2049, 1944)",3
"(827, 747)",1,"(1648, 1658)",20
"(862, 786)",1,"(1568, 1567)",111
"(915, 990)",1,"(2786, 2784)",1
"(920, 752)",1,"(1699, 1699)",36
"(920, 767)",1,"(1696, 1698)",3
"(921, 992)",1,"(1468, 1463)",2
"(921, 993)",1,"(1922, 1424)",1
"(923, 894)",1,"(1567, 1568)",101
"(923, 991)",1,"(2051, 1920)",3
"(923, 993)",1,"(1464, 1470)",2
"(925, 992)",1,"(1569, 1565)",30
"(926, 994)",1,"(1250, 1249)",1
"(927, 739)",1,"(1648, 1662)",30
"(927, 991)",1,"(1794, 1791)",4
"(929, 752)",1,"(1566, 1567)",57
"(929, 894)",1,"(2640, 2142)",2
"(930, 894)",1,"(1439, 1437)",27
"(930, 991)",1,"(1648, 1655)",12
"(930, 992)",1,"(1567, 1565)",44
"(931, 993)",1,"(1565, 1563)",6
"(937, 770)",1,"(1263, 1255)",9
"(938, 893)",1,"(1648, 1660)",9
"(943, 753)",1,"(1616, 1232)",54
"(944, 746)",1,"(1857, 1841)",7
"(955, 893)",1,"(1648, 1664)",10
"(955, 894)",1,"(1698, 1698)",120
"(956, 893)",1,"(1567, 1566)",40
"(956, 894)",1,"(2782, 2776)",1
"(958, 894)",1,"(1472, 1296)",31
"(959, 893)",1,"(1648, 1656)",12
"(959, 894)",1,"(962, 894)",11
"(959, 958)",1,"(1375, 1375)",4
"(960, 893)",1,"(1570, 1567)",38
"(960, 894)",1,"(1440, 1439)",12
"(960, 955)",1,"(2898, 2907)",13
"(960, 959)",1,"(1440, 1440)",4
"(961, 893)",1,"(1567, 1569)",77
"(961, 894)",1,"(1563, 1567)",32
"(961, 958)",1,"(1565, 1562)",2
"(961, 959)",1,"(2898, 2908)",6
"(962, 894)",1,"(1870, 1867)",1
"(962, 959)",1,"(1937, 1936)",1
"(963, 894)",1,"(1264, 1255)",15
"(967, 894)",1,"(2337, 2322)",3
"(972, 894)",1,"(2067, 2064)",1
"(989, 894)",1,"(3001, 2289)",1
"(990, 894)",1,"(1566, 1569)",62
"(993, 894)",1,"(2351, 2338)",33
"(1002, 893)",1,"(2464, 1632)",14
"(1016, 993)",1,"(2468, 2470)",1
"(1021, 991)",1,"(1568, 1566)",62
"(1024, 894)",1,"(2370, 2370)",27
"(1055, 893)",1,"(960, 894)",9
"(1059, 960)",1,"(2336, 2351)",1
"(1088, 1079)",1,"(1471, 1472)",8
"(1088, 1080)",1,"(1409, 1152)",15
"(1090, 960)",1,"(1404, 1152)",9
"(1091, 960)",1,"(2368, 2369)",2
"(1217, 1056)",1,"(1802, 1728)",1
"(1249, 1239)",1,"(1470, 1472)",5
"(1250, 1249)",1,"(1469, 1473)",6
"(1252, 1250)",1,"(1569, 1568)",63
"(1252, 1252)",1,"(2785, 2785)",6
"(1253, 1248)",1,"(2288, 2000)",51
"(1253, 1249)",1,"(1565, 1566)",18
"(1253, 1250)",1,"(654, 600)",1
"(1253, 1251)",1,"(1873, 1866)",2
"(1253, 1252)",1,"(1264, 1250)",1
"(1254, 1248)",1,"(1569, 1566)",38
"(1254, 1249)",1,"(1648, 1652)",2
"(1254, 1251)",1,"(2289, 2000)",22
"(1254, 1252)",1,"(1647, 1657)",6
"(1255, 1247)",1,"(2492, 2480)",1
"(1255, 1248)",1,"(1567, 1567)",110
"(1255, 1249)",1,"(2092, 1920)",2
"(1255, 1250)",1,"(1296, 1295)",1
"(1255, 1251)",1,"(1861, 1872)",1
"(1255, 1252)",1,"(1794, 1793)",10
"(1255, 1253)",1,"(2183, 1958)",1
"(1255, 1259)",1,"(1252, 1250)",2
"(1256, 1245)",1,"(1264, 1256)",14
"(1256, 1248)",1,"(1808, 1728)",6
"(1256, 1249)",1,"(2976, 2480)",1
"(1256, 1250)",1,"(1857, 1863)",6
"(1256, 1251)",1,"(2083, 1920)",22
"(1256, 1252)",1,"(1647, 1662)",4
"(1256, 1258)",1,"(1860, 1864)",1
"(1256, 1259)",1,"(1793, 1792)",18
"(1257, 1247)",1,"(2030, 1769)",1
"(1257, 1248)",1,"(2376, 2384)",2
"(1257, 1251)",1,"(1439, 1439)",37
"(1257, 1252)",1,"(1566, 1568)",58
"(1257, 1253)",1,"(1265, 1261)",1
"(1257, 1256)",1,"(1377, 1375)",5
"(1257, 1257)",1,"(1570, 1564)",8
"(1258, 1257)",1,"(915, 990)",2
"(1258, 1259)",1,"(2334, 2344)",1
"(1259, 1252)",1,"(961, 958)",1
"(1259, 1253)",1,"(3299, 2848)",1
"(1259, 1259)",1,"(1439, 1434)",1
"(1259, 1261)",1,"(1371, 1374)",1
"(1260, 1249)",1,"(1471, 1468)",4
"(1260, 1250)",1,"(2669, 2303)",1
"(1260, 1251)",1,"(2898, 2903)",1
"(1260, 1254)",1,"(1853, 1632)",1
"(1260, 1255)",1,"(1451, 1453)",1
"(1260, 1258)",1,"(2641, 2144)",2
"(1261, 1249)",1,"(1568, 1565)",40
"(1261, 1253)",1,"(1625, 1424)",1
"(1261, 1254)",1,"(1407, 1152)",37
"(1261, 1255)",1,"(1469, 1470)",5
"(1261, 1259)",1,"(1440, 1437)",4
"(1261, 1264)",1,"(1370, 1371)",3
"(1262, 1248)",1,"(1563, 1568)",14
"(1262, 1251)",1,"(1791, 1794)",3
"(1262, 1254)",1,"(1467, 1466)",6
"(1262, 1255)",1,"(1255, 1259)",1
"(1262, 1256)",1,"(1408, 1152)",38
"(1262, 1257)",1,"(2898, 2912)",6
"(1262, 1258)",1,"(1374, 1375)",34
"(1262, 1259)",1,"(1343, 1347)",2
"(1263, 1248)",1,"(1470, 1471)",9
"(1263, 1250)",1,"(1856, 1632)",1
"(1263, 1251)",1,"(2336, 2349)",1
"(1263, 1252)",1,"(1857, 1869)",3
"(1263, 1253)",1,"(1566, 1566)",34
"(1263, 1254)",1,"(1650, 1655)",6
"(1263, 1255)",1,"(2347, 2338)",3
"(1263, 1256)",1,"(1472, 1471)",11
"(1263, 1257)",1,"(1647, 1659)",4
"(1263, 1258)",1,"(960, 959)",3
"(1263, 1259)",1,"(1567, 1571)",5
"(1263, 1265)",1,"(1471, 1466)",6
"(1264, 1247)",1,"(1569, 1569)",54
"(1264, 1250)",1,"(1936, 1936)",1
"(1264, 1252)",1,"(2044, 1920)",1
"(1264, 1253)",1,"(1858, 1625)",1
"(1264, 1254)",1,"(1859, 1869)",5
"(1264, 1255)",1,"(2167, 1957)",1
"(1264, 1256)",1,"(2083, 2083)",4
"(1264, 1257)",1,"(2064, 2070)",2
"(1264, 1258)",1,"(1570, 1568)",22
"(1264, 1259)",1,"(1438, 1440)",4
"(1264, 1261)",1,"(1696, 1697)",13
"(1264, 1265)",1,"(2780, 2784)",1
"(1264, 1266)",1,"(1858, 1858)",1
"(1265, 1244)",1,"(2282, 2000)",10
"(1265, 1250)",1,"(1698, 1697)",20
"(1265, 1251)",1,"(2321, 2320)",1
"(1265, 1252)",1,"(2082, 2080)",7
"(1265, 1253)",1,"(1256, 1252)",4
"(1265, 1254)",1,"(2370, 2369)",5
"(1265, 1255)",1,"(1650, 1663)",4
"(1265, 1256)",1,"(1856, 1864)",4
"(1265, 1257)",1,"(1361, 1296)",1
"(1265, 1258)",1,"(1792, 1792)",36
"(1265, 1259)",1,"(1566, 1570)",22
"(1265, 1261)",1,"(2336, 2320)",3
"(1265, 1264)",1,"(2898, 2906)",6
"(1266, 1266)",1,"(1565, 1567)",39
"(1267, 1264)",1,"(2785, 2784)",3
"(1274, 1273)",1,"(2192, 1919)",2
"(1281, 1137)",1,"(1472, 1467)",14
"(1282, 1271)",1,"(2634, 2142)",2
"(1282, 1276)",1,"(1468, 1473)",6
"(1287, 1281)",1,"(2336, 2322)",6
"(1296, 1295)",1,"(2168, 2152)",1
"(1299, 1311)",1,"(649, 673)",1
"(1312, 1307)",1,"(1565, 1569)",18
"(1312, 1312)",1,"(1856, 1863)",2
"(1313, 1308)",1,"(1438, 1439)",18
"(1313, 1311)",1,"(2051, 1944)",23
"(1313, 1313)",1,"(2080, 1944)",13
"(1320, 1296)",1,"(2332, 2323)",2
"(1325, 1336)",1,"(1471, 1467)",4
"(1326, 1296)",1,"(2280, 2000)",3
"(1329, 1296)",1,"(2080, 2082)",9
"(1330, 1296)",1,"(1648, 1659)",11
"(1331, 1137)",1,"(1468, 1467)",7
"(1333, 1296)",1,"(960, 893)",5
"(1338, 1152)",1,"(1859, 1868)",2
"(1338, 1346)",1,"(1867, 1866)",3
"(1340, 1296)",1,"(1263, 1253)",3
"(1342, 1137)",1,"(1856, 1861)",4
"(1342, 1296)",1,"(1858, 1866)",5
"(1342, 1345)",1,"(2637, 2143)",1
"(1343, 1057)",1,"(2349, 2338)",14
"(1343, 1346)",1,"(1473, 1469)",7
"(1343, 1347)",1,"(1794, 1790)",2
"(1344, 1137)",1,"(1792, 1789)",1
"(1344, 1346)",1,"(2352, 2338)",20
"(1344, 1347)",1,"(2081, 2080)",8
"(1345, 1296)",1,"(2287, 2000)",7
"(1345, 1346)",1,"(2355, 2355)",11
"(1345, 1347)",1,"(1570, 1569)",30
"(1345, 1354)",1,"(2785, 2782)",2
"(1345, 1359)",1,"(1570, 1565)",6
"(1346, 1346)",1,"(1379, 1152)",1
"(1346, 1347)",1,"(1857, 1867)",6
"(1346, 1357)",1,"(1697, 1698)",43
"(1346, 1359)",1,"(1566, 1563)",7
"(1347, 1296)",1,"(1566, 1564)",8
"(1347, 1345)",1,"(2202, 1617)",1
"(1347, 1346)",1,"(2079, 2080)",4
"(1347, 1347)",1,"(1858, 1867)",5
"(1347, 1354)",1,"(3135, 3131)",2
"(1347, 1355)",1,"(2033, 1951)",6
"(1347, 1356)",1,"(1591, 1594)",1
"(1347, 1359)",1,"(1254, 1252)",6
"(1347, 1360)",1,"(1567, 1562)",7
"(1348, 1296)",1,"(2731, 2350)",1
"(1351, 1296)",1,"(1471, 1473)",4
"(1352, 1152)",1,"(1593, 1593)",1
"(1360, 1296)",1,"(1342, 1296)",1
"(1361, 1296)",1,"(1696, 1696)",47
"(1361, 1359)",1,"(1819, 1607)",1
"(1362, 1296)",1,"(1647, 1661)",6
"(1362, 1355)",1,"(2063, 2078)",1
"(1362, 1357)",1,"(1473, 1471)",9
"(1363, 1355)",1,"(2544, 1984)",2
"(1363, 1356)",1,"(1264, 1254)",10
"(1363, 1359)",1,"(1729, 1728)",2
"(1368, 1367)",1,"(1259, 1253)",1
"(1368, 1371)",1,"(1650, 1664)",5
"(1368, 1374)",1,"(2013, 1920)",1
"(1369, 1365)",1,"(1571, 1565)",1
"(1369, 1366)",1,"(2083, 2080)",14
"(1369, 1372)",1,"(2720, 2350)",2
"(1370, 1296)",1,"(1793, 1795)",1
"(1370, 1370)",1,"(1432, 1440)",1
"(1370, 1371)",1,"(1570, 1562)",3
"(1370, 1376)",1,"(1470, 1296)",6
"(1371, 1370)",1,"(2016, 2000)",1
"(1371, 1371)",1,"(1002, 893)",1
"(1371, 1374)",1,"(2078, 1990)",2
"(1371, 1375)",1,"(1857, 1842)",4
"(1371, 1376)",1,"(1561, 1565)",2
"(1372, 1294)",1,"(2924, 2929)",1
"(1372, 1296)",1,"(1254, 1249)",3
"(1372, 1371)",1,"(2334, 2319)",1
"(1372, 1376)",1,"(931, 993)",1
"(1372, 1377)",1,"(2016, 1545)",1
"(1373, 1296)",1,"(1253, 1251)",1
"(1373, 1370)",1,"(1258, 1259)",1
"(1373, 1371)",1,"(1570, 1570)",13
"(1373, 1373)",1,"(2369, 2370)",4
"(1373, 1374)",1,"(1466, 1465)",1
"(1373, 1375)",1,"(1473, 1470)",5
"(1373, 1376)",1,"(2345, 2338)",17
"(1374, 1370)",1,"(1596, 1600)",2
"(1374, 1371)",1,"(1854, 1867)",4
"(1374, 1372)",1,"(1853, 1859)",1
"(1374, 1373)",1,"(1467, 1465)",6
"(1374, 1375)",1,"(1857, 1872)",8
"(1374, 1376)",1,"(1593, 1596)",1
"(1374, 1378)",1,"(1437, 1439)",24
"(1375, 1296)",1,"(1856, 1840)",5
"(1375, 1370)",1,"(1437, 1436)",2
"(1375, 1371)",1,"(1564, 1567)",6
"(1375, 1373)",1,"(959, 894)",3
"(1375, 1374)",1,"(2471, 2439)",1
"(1375, 1375)",1,"(1858, 1864)",3
"(1375, 1376)",1,"(1342, 1137)",1
"(1375, 1377)",1,"(2168, 2143)",1
"(1375, 1378)",1,"(2129, 1958)",1
"(1375, 1379)",1,"(1566, 1565)",31
"(1376, 1152)",1,"(1682, 1424)",1
"(1376, 1368)",1,"(1569, 1567)",76
"(1376, 1369)",1,"(3267, 3267)",6
"(1376, 1370)",1,"(2163, 2141)",1
"(1376, 1372)",1,"(2637, 2145)",1
"(1376, 1373)",1,"(2747, 2744)",1
"(1376, 1374)",1,"(1856, 1862)",3
"(1376, 1375)",1,"(1472, 1472)",12
"(1376, 1376)",1,"(1819, 1609)",1
"(1377, 1152)",1,"(1889, 1677)",4
"(1377, 1373)",1,"(1471, 1471)",11
"(1377, 1374)",1,"(2753, 2743)",1
"(1377, 1375)",1,"(2032, 2000)",5
"(1377, 1376)",1,"(2747, 2739)",1
"(1378, 1137)",1,"(1651, 1655)",3
"(1378, 1152)",1,"(1791, 1791)",6
"(1378, 1376)",1,"(961, 894)",24
"(1378, 1379)",1,"(2411, 2416)",1
"(1379, 1152)",1,"(1376, 1375)",4
"(1379, 1376)",1,"(1392, 1296)",1
"(1379, 1377)",1,"(1804, 1728)",7
"(1383, 1407)",1,"(2780, 2780)",1
"(1386, 1393)",1,"(1562, 1567)",8
"(1387, 1151)",1,"(1374, 1371)",1
"(1389, 1152)",1,"(2164, 2149)",1
"(1391, 1152)",1,"(3118, 3111)",2
"(1392, 1152)",1,"(1467, 1470)",3
"(1392, 1296)",1,"(2328, 2320)",1
"(1393, 1296)",1,"(2176, 2167)",1
"(1395, 1152)",1,"(2640, 2144)",3
"(1398, 1152)",1,"(1456, 1296)",4
"(1399, 1150)",1,"(2364, 2361)",1
"(1400, 1152)",1,"(1256, 1251)",1
"(1400, 1403)",1,"(1347, 1359)",4
"(1401, 1137)",1,"(2369, 1904)",1
"(1401, 1152)",1,"(2783, 2779)",3
"(1402, 1152)",1,"(2390, 1904)",2
"(1402, 1296)",1,"(1567, 1570)",47
"(1402, 1408)",1,"(1562, 1566)",3
"(1403, 1152)",1,"(2081, 2079)",1
"(1404, 1152)",1,"(1256, 1249)",1
"(1404, 1296)",1,"(1569, 1571)",5
"(1404, 1400)",1,"(1568, 1570)",35
"(1405, 1152)",1,"(1598, 1600)",2
"(1405, 1296)",1,"(1569, 1560)",1
"(1406, 1152)",1,"(1090, 960)",2
"(1407, 1137)",1,"(2169, 2144)",2
"(1407, 1152)",1,"(1439, 1438)",17
"(1407, 1402)",1,"(1402, 1152)",12
"(1408, 1137)",1,"(1595, 1596)",1
"(1408, 1152)",1,"(1217, 1056)",1
"(1409, 1137)",1,"(2639, 2145)",1
"(1409, 1152)",1,"(1563, 1566)",14
"(1410, 1137)",1,"(2285, 2000)",3
"(1410, 1152)",1,"(2417, 2417)",2
"(1410, 1296)",1,"(1697, 1697)",15
"(1411, 1137)",1,"(2259, 2000)",1
"(1411, 1152)",1,"(1568, 1571)",5
"(1411, 1412)",1,"(1858, 1859)",3
"(1423, 1260)",1,"(1561, 1567)",3
"(1425, 1260)",1,"(1432, 1439)",1
"(1425, 1431)",1,"(1801, 1728)",3
"(1432, 1433)",1,"(1408, 1137)",8
"(1432, 1439)",1,"(2383, 2377)",1
"(1432, 1440)",1,"(1871, 1870)",3
"(1433, 1437)",1,"(1855, 1841)",3
"(1433, 1439)",1,"(2370, 1632)",1
"(1434, 1437)",1,"(1792, 1793)",14
"(1434, 1439)",1,"(1411, 1152)",1
"(1434, 1440)",1,"(1465, 1296)",2
"(1435, 1434)",1,"(1266, 1266)",3
"(1435, 1436)",1,"(2065, 2081)",2
"(1435, 1438)",1,"(2161, 1958)",2
"(1435, 1440)",1,"(1856, 1868)",9
"(1436, 1435)",1,"(1646, 1655)",2
"(1436, 1436)",1,"(2062, 2065)",1
"(1436, 1437)",1,"(1467, 1467)",5
"(1436, 1438)",1,"(1255, 1249)",8
"(1436, 1439)",1,"(2927, 2928)",3
"(1436, 1440)",1,"(1255, 1250)",4
"(1436, 1441)",1,"(1649, 1658)",9
"(1437, 1432)",1,"(2335, 2323)",1
"(1437, 1435)",1,"(1807, 1728)",5
"(1437, 1436)",1,"(1976, 1920)",2
"(1437, 1437)",1,"(1263, 1256)",3
"(1437, 1438)",1,"(2284, 2000)",7
"(1437, 1439)",1,"(1871, 1862)",1
"(1437, 1440)",1,"(2169, 2156)",1
"(1437, 1441)",1,"(1462, 1471)",1
"(1438, 1435)",1,"(1650, 1661)",9
"(1438, 1436)",1,"(1570, 1561)",3
"(1438, 1437)",1,"(1471, 1296)",10
"(1438, 1438)",1,"(2167, 2154)",2
"(1438, 1439)",1,"(1561, 1564)",1
"(1438, 1440)",1,"(1565, 1561)",3
"(1438, 1441)",1,"(1695, 1696)",7
"(1439, 1431)",1,"(1375, 1373)",4
"(1439, 1434)",1,"(1857, 1864)",3
"(1439, 1436)",1,"(1437, 1437)",14
"(1439, 1437)",1,"(2381, 2376)",1
"(1439, 1438)",1,"(2307, 2321)",2
"(1439, 1439)",1,"(1794, 1792)",13
"(1439, 1440)",1,"(1455, 1456)",1
"(1439, 1441)",1,"(1468, 1466)",2
"(1440, 1435)",1,"(2747, 2736)",1
"(1440, 1436)",1,"(3137, 3131)",1
"(1440, 1437)",1,"(1562, 1562)",6
"(1440, 1438)",1,"(2929, 2928)",2
"(1440, 1439)",1,"(1649, 1661)",7
"(1440, 1440)",1,"(2080, 2078)",1
"(1440, 1441)",1,"(1472, 1474)",2
"(1441, 1435)",1,"(1405, 1152)",19
"(1441, 1437)",1,"(2330, 2320)",1
"(1441, 1438)",1,"(1436, 1435)",2
"(1441, 1439)",1,"(1793, 1793)",14
"(1441, 1440)",1,"(1650, 1662)",8
"(1442, 1296)",1,"(1473, 1296)",5
"(1443, 1442)",1,"(1375, 1379)",1
"(1443, 1443)",1,"(1696, 1695)",18
"(1449, 1296)",1,"(1261, 1259)",1
"(1449, 1452)",1,"(963, 894)",7
"(1451, 1296)",1,"(1565, 1570)",6
"(1451, 1453)",1,"(1792, 1794)",12
"(1451, 1457)",1,"(1855, 1840)",4
"(1452, 1296)",1,"(1347, 1346)",2
"(1454, 1296)",1,"(2363, 1617)",1
"(1454, 1448)",1,"(1265, 1250)",2
"(1455, 1296)",1,"(2061, 2072)",1
"(1455, 1451)",1,"(1698, 1696)",3
"(1455, 1452)",1,"(1463, 1472)",1
"(1455, 1456)",1,"(2080, 2081)",6
"(1456, 1296)",1,"(1791, 1792)",7
"(1456, 1448)",1,"(2134, 2124)",1
"(1456, 1455)",1,"(1564, 1566)",6
"(1457, 1296)",1,"(2350, 2338)",13
"(1457, 1300)",1,"(1857, 1861)",2
"(1457, 1457)",1,"(1262, 1248)",1
"(1458, 1472)",1,"(1454, 1296)",1
"(1459, 1296)",1,"(1563, 1569)",14
"(1460, 1467)",1,"(1647, 1658)",13
"(1461, 1296)",1,"(925, 992)",1
"(1461, 1464)",1,"(2747, 2741)",1
"(1461, 1465)",1,"(1858, 1872)",6
"(1461, 1467)",1,"(1857, 1865)",4
"(1462, 1466)",1,"(1793, 1791)",4
"(1462, 1467)",1,"(1569, 1564)",18
"(1462, 1471)",1,"(1474, 1472)",1
"(1462, 1472)",1,"(1506, 1505)",1
"(1463, 1296)",1,"(1472, 1473)",5
"(1463, 1465)",1,"(1469, 1469)",7
"(1463, 1469)",1,"(2063, 2057)",1
"(1463, 1470)",1,"(3235, 2848)",2
"(1463, 1471)",1,"(1263, 1251)",1
"(1463, 1472)",1,"(1439, 1441)",5
"(1464, 1300)",1,"(1595, 1593)",1
"(1464, 1462)",1,"(1615, 1232)",6
"(1464, 1463)",1,"(1648, 1661)",19
"(1464, 1465)",1,"(1678, 1676)",1
"(1464, 1467)",1,"(1489, 1486)",1
"(1464, 1469)",1,"(2337, 2320)",5
"(1464, 1470)",1,"(1855, 1853)",1
"(1464, 1471)",1,"(1795, 1791)",1
"(1465, 1296)",1,"(1261, 1254)",1
"(1465, 1300)",1,"(1564, 1565)",3
"(1465, 1463)",1,"(1411, 1412)",1
"(1465, 1464)",1,"(1789, 1791)",2
"(1465, 1465)",1,"(1398, 1152)",1
"(1465, 1466)",1,"(2335, 2336)",1
"(1465, 1467)",1,"(2336, 2323)",5
"(1465, 1468)",1,"(2751, 2743)",2
"(1465, 1470)",1,"(1263, 1252)",4
"(1466, 1296)",1,"(1344, 1137)",1
"(1466, 1463)",1,"(1470, 1466)",1
"(1466, 1464)",1,"(1867, 1865)",2
"(1466, 1465)",1,"(2079, 2082)",1
"(1466, 1466)",1,"(2081, 1944)",9
"(1466, 1467)",1,"(1569, 1570)",26
"(1466, 1469)",1,"(2164, 2157)",1
"(1466, 1470)",1,"(2928, 2928)",2
"(1466, 1471)",1,"(1377, 1376)",3
"(1466, 1472)",1,"(2110, 1944)",1
"(1466, 1473)",1,"(2777, 2783)",1
"(1467, 1296)",1,"(1468, 1469)",7
"(1467, 1461)",1,"(3135, 3132)",2
"(1467, 1463)",1,"(1649, 1662)",7
"(1467, 1465)",1,"(1568, 1562)",3
"(1467, 1466)",1,"(1648, 1654)",2
"(1467, 1467)",1,"(1651, 1658)",1
"(1467, 1468)",1,"(1371, 1376)",1
"(1467, 1469)",1,"(2368, 2368)",5
"(1467, 1470)",1,"(1567, 1564)",20
"(1467, 1471)",1,"(1462, 1466)",1
"(1467, 1472)",1,"(2899, 2906)",1
"(1467, 1473)",1,"(1857, 1868)",6
"(1468, 1296)",1,"(1984, 1977)",1
"(1468, 1458)",1,"(1437, 1440)",6
"(1468, 1463)",1,"(319, 313)",2
"(1468, 1464)",1,"(3100, 2480)",1
"(1468, 1466)",1,"(2929, 2929)",4
"(1468, 1467)",1,"(2379, 2384)",3
"(1468, 1468)",1,"(961, 893)",9
"(1468, 1469)",1,"(1867, 1864)",2
"(1468, 1470)",1,"(1569, 1563)",12
"(1468, 1471)",1,"(2076, 1920)",1
"(1468, 1472)",1,"(1312, 1307)",1
"(1468, 1473)",1,"(2784, 2779)",1
"(1469, 1462)",1,"(1568, 1563)",12
"(1469, 1464)",1,"(1440, 1436)",3
"(1469, 1465)",1,"(1859, 1866)",4
"(1469, 1466)",1,"(1857, 1840)",4
"(1469, 1467)",1,"(1262, 1255)",2
"(1469, 1468)",1,"(1452, 1296)",4
"(1469, 1469)",1,"(1873, 1869)",3
"(1469, 1470)",1,"(972, 894)",2
"(1469, 1471)",1,"(1410, 1152)",6
"(1469, 1472)",1,"(1777, 1296)",1
"(1469, 1473)",1,"(1265, 1264)",1
"(1470, 1296)",1,"(1465, 1466)",1
"(1470, 1464)",1,"(1473, 1472)",8
"(1470, 1465)",1,"(1265, 1253)",2
"(1470, 1466)",1,"(1264, 1258)",4
"(1470, 1467)",1,"(1472, 1470)",7
"(1470, 1468)",1,"(1647, 1660)",4
"(1470, 1469)",1,"(1568, 1561)",5
"(1470, 1470)",1,"(1593, 1595)",1
"(1470, 1471)",1,"(1854, 1858)",1
"(1470, 1472)",1,"(1853, 1840)",1
"(1470, 1473)",1,"(1710, 1711)",1
"(1470, 1474)",1,"(2109, 1920)",1
"(1471, 1296)",1,"(3131, 3129)",1
"(1471, 1463)",1,"(2152, 2000)",1
"(1471, 1464)",1,"(2283, 2000)",6
"(1471, 1465)",1,"(2783, 2781)",1
"(1471, 1466)",1,"(1564, 1570)",6
"(1471, 1467)",1,"(929, 752)",1
"(1471, 1468)",1,"(2481, 2480)",1
"(1471, 1469)",1,"(1707, 1712)",1
"(1471, 1470)",1,"(2078, 1944)",5
"(1471, 1471)",1,"(927, 739)",1
"(1471, 1472)",1,"(1856, 1842)",3
"(1471, 1473)",1,"(3297, 2848)",1
"(1472, 1296)",1,"(1856, 1869)",2
"(1472, 1459)",1,"(1484, 1486)",1
"(1472, 1461)",1,"(1253, 1248)",2
"(1472, 1464)",1,"(1676, 1676)",3
"(1472, 1465)",1,"(2336, 2321)",8
"(1472, 1466)",1,"(3130, 3131)",2
"(1472, 1467)",1,"(2746, 2726)",1
"(1472, 1468)",1,"(3129, 3131)",2
"(1472, 1469)",1,"(1091, 960)",1
"(1472, 1470)",1,"(1570, 1296)",2
"(1472, 1471)",1,"(2171, 2167)",1
"(1472, 1472)",1,"(930, 894)",2
"(1472, 1473)",1,"(1265, 1255)",5
"(1472, 1474)",1,"(3038, 2473)",1
"(1473, 1296)",1,"(2112, 2056)",5
"(1473, 1465)",1,"(1855, 1872)",3
"(1473, 1466)",1,"(1376, 1369)",2
"(1473, 1467)",1,"(1597, 1594)",2
"(1473, 1468)",1,"(1951, 1943)",4
"(1473, 1469)",1,"(1649, 1655)",4
"(1473, 1470)",1,"(1571, 1564)",3
"(1473, 1471)",1,"(1438, 1436)",2
"(1473, 1472)",1,"(1697, 1696)",12
"(1473, 1473)",1,"(1467, 1468)",4
"(1473, 1475)",1,"(1264, 1257)",3
"(1474, 1472)",1,"(1856, 1860)",2
"(1484, 1486)",1,"(1858, 1871)",6
"(1487, 1488)",1,"(1406, 1152)",18
"(1487, 1489)",1,"(2834, 2293)",1
"(1488, 1296)",1,"(1856, 1867)",10
"(1488, 1312)",1,"(1435, 1434)",2
"(1488, 1487)",1,"(955, 893)",1
"(1489, 1486)",1,"(1563, 1565)",15
"(1489, 1489)",1,"(2033, 2000)",4
"(1502, 1296)",1,"(1659, 1650)",1
"(1506, 1505)",1,"(3130, 3132)",2
"(1520, 1296)",1,"(1375, 1378)",1
"(1522, 1296)",1,"(2168, 2155)",3
"(1550, 1296)",1,"(1456, 1455)",1
"(1556, 1563)",1,"(1564, 1569)",9
"(1556, 1565)",1,"(1377, 1152)",2
"(1556, 1566)",1,"(1563, 1570)",6
"(1558, 1559)",1,"(1443, 1442)",1
"(1559, 1560)",1,"(1257, 1253)",2
"(1559, 1562)",1,"(1856, 1870)",5
"(1559, 1565)",1,"(2898, 2911)",4
"(1560, 1563)",1,"(1593, 1591)",2
"(1560, 1564)",1,"(1711, 1712)",1
"(1560, 1566)",1,"(1468, 1468)",9
"(1560, 1567)",1,"(1570, 1563)",4
"(1560, 1568)",1,"(1854, 1860)",1
"(1561, 1556)",1,"(1858, 1868)",3
"(1561, 1562)",1,"(2338, 2344)",1
"(1561, 1563)",1,"(2334, 2320)",4
"(1561, 1564)",1,"(1346, 1346)",7
"(1561, 1565)",1,"(3280, 3276)",1
"(1561, 1566)",1,"(2343, 2338)",2
"(1561, 1567)",1,"(2320, 2317)",1
"(1561, 1568)",1,"(2747, 2724)",1
"(1561, 1569)",1,"(2335, 2346)",1
"(1561, 1570)",1,"(1439, 1440)",17
"(1562, 1562)",1,"(1373, 1374)",2
"(1562, 1563)",1,"(1859, 1865)",4
"(1562, 1565)",1,"(1441, 1440)",2
"(1562, 1566)",1,"(2346, 2338)",3
"(1562, 1567)",1,"(1792, 1791)",11
"(1562, 1568)",1,"(1571, 1568)",7
"(1562, 1569)",1,"(1255, 1251)",2
"(1562, 1570)",1,"(960, 955)",1
"(1563, 1561)",1,"(1257, 1251)",2
"(1563, 1563)",1,"(2376, 2379)",1
"(1563, 1565)",1,"(3135, 3135)",1
"(1563, 1566)",1,"(192, 187)",2
"(1563, 1567)",1,"(2330, 2323)",4
"(1563, 1568)",1,"(2352, 2352)",3
"(1563, 1569)",1,"(2063, 2073)",1
"(1563, 1570)",1,"(2195, 1919)",1
"(1563, 1571)",1,"(1469, 1465)",2
"(1564, 1559)",1,"(1469, 1467)",4
"(1564, 1561)",1,"(1658, 1289)",1
"(1564, 1562)",1,"(2342, 2336)",1
"(1564, 1563)",1,"(1472, 1468)",5
"(1564, 1564)",1,"(1790, 1794)",1
"(1564, 1565)",1,"(1556, 1563)",1
"(1564, 1566)",1,"(2153, 1958)",1
"(1564, 1567)",1,"(1016, 993)",1
"(1564, 1568)",1,"(3136, 3132)",1
"(1564, 1569)",1,"(1441, 1437)",5
"(1564, 1570)",1,"(1859, 1864)",4
"(1565, 1558)",1,"(1438, 1438)",2
"(1565, 1561)",1,"(1260, 1251)",1
"(1565, 1562)",1,"(1442, 1296)",1
"(1565, 1563)",1,"(2168, 2156)",1
"(1565, 1564)",1,"(1697, 1695)",3
"(1565, 1565)",1,"(927, 991)",1
"(1565, 1566)",1,"(1858, 1856)",1
"(1565, 1567)",1,"(1265, 1258)",4
"(1565, 1568)",1,"(1346, 1357)",1
"(1565, 1569)",1,"(1859, 1871)",2
"(1565, 1570)",1,"(2035, 1951)",2
"(1565, 1571)",1,"(2080, 2083)",18
"(1566, 1560)",1,"(1996, 1424)",1
"(1566, 1562)",1,"(1603, 1424)",2
"(1566, 1563)",1,"(2173, 2160)",1
"(1566, 1564)",1,"(2307, 2319)",2
"(1566, 1565)",1,"(1848, 1632)",2
"(1566, 1566)",1,"(2050, 1944)",5
"(1566, 1567)",1,"(1852, 1872)",1
"(1566, 1568)",1,"(2035, 2036)",1
"(1566, 1569)",1,"(2290, 1904)",2
"(1566, 1570)",1,"(2335, 2330)",1
"(1566, 1571)",1,"(2928, 2929)",3
"(1567, 1560)",1,"(1649, 1660)",5
"(1567, 1561)",1,"(1806, 1728)",2
"(1567, 1562)",1,"(2746, 2738)",2
"(1567, 1563)",1,"(1561, 1569)",1
"(1567, 1564)",1,"(1856, 1871)",5
"(1567, 1565)",1,"(1857, 1866)",10
"(1567, 1566)",1,"(2031, 1951)",3
"(1567, 1567)",1,"(2895, 2912)",1
"(1567, 1568)",1,"(1564, 1562)",1
"(1567, 1569)",1,"(1471, 1469)",6
"(1567, 1570)",1,"(1855, 1842)",4
"(1567, 1571)",1,"(1596, 1594)",1
"(1568, 1561)",1,"(1856, 1873)",1
"(1568, 1562)",1,"(1743, 1545)",3
"(1568, 1563)",1,"(2034, 2000)",3
"(1568, 1564)",1,"(1375, 1371)",1
"(1568, 1565)",1,"(1473, 1473)",4
"(1568, 1566)",1,"(1820, 1609)",4
"(1568, 1567)",1,"(1824, 1728)",5
"(1568, 1568)",1,"(1439, 1436)",5
"(1568, 1569)",1,"(1800, 1728)",1
"(1568, 1570)",1,"(1794, 1795)",3
"(1568, 1571)",1,"(1648, 1657)",13
"(1569, 1560)",1,"(1793, 1794)",5
"(1569, 1563)",1,"(2174, 2154)",1
"(1569, 1564)",1,"(1864, 1872)",1
"(1569, 1565)",1,"(2898, 2910)",3
"(1569, 1566)",1,"(1373, 1373)",1
"(1569, 1567)",1,"(1470, 1469)",4
"(1569, 1568)",1,"(1854, 1840)",2
"(1569, 1569)",1,"(1867, 1873)",2
"(1569, 1570)",1,"(1467, 1469)",4
"(1569, 1571)",1,"(1466, 1296)",2
"(1570, 1296)",1,"(1372, 1377)",1
"(1570, 1558)",1,"(3132, 3127)",1
"(1570, 1561)",1,"(1854, 1632)",3
"(1570, 1562)",1,"(1263, 1254)",5
"(1570, 1563)",1,"(1795, 1793)",1
"(1570, 1564)",1,"(1872, 1870)",4
"(1570, 1565)",1,"(1681, 1483)",2
"(1570, 1566)",1,"(1559, 1560)",1
"(1570, 1567)",1,"(1437, 1438)",3
"(1570, 1568)",1,"(1857, 1873)",1
"(1570, 1569)",1,"(2745, 2732)",1
"(1570, 1570)",1,"(2638, 2238)",1
"(1570, 1571)",1,"(1457, 1300)",1
"(1571, 1563)",1,"(1815, 1728)",1
"(1571, 1564)",1,"(1857, 1871)",11
"(1571, 1565)",1,"(1021, 991)",1
"(1571, 1568)",1,"(2429, 1632)",1
"(1571, 1569)",1,"(1488, 1487)",1
"(1579, 1536)",1,"(2064, 2078)",2
"(1591, 1593)",1,"(2383, 2381)",1
"(1591, 1594)",1,"(3810, 2848)",1
"(1592, 1586)",1,"(1823, 1728)",3
"(1592, 1591)",1,"(1854, 1864)",1
"(1592, 1592)",1,"(2043, 2037)",1
"(1592, 1594)",1,"(2466, 2480)",1
"(1593, 1584)",1,"(1378, 1376)",1
"(1593, 1587)",1,"(1261, 1253)",1
"(1593, 1589)",1,"(1864, 1864)",1
"(1593, 1591)",1,"(1472, 1465)",3
"(1593, 1592)",1,"(1451, 1296)",2
"(1593, 1593)",1,"(3131, 3131)",2
"(1593, 1595)",1,"(2179, 1944)",3
"(1593, 1596)",1,"(2753, 2741)",2
"(1593, 1597)",1,"(2059, 2067)",1
"(1594, 1587)",1,"(2064, 2074)",3
"(1594, 1594)",1,"(1472, 1466)",3
"(1594, 1597)",1,"(2060, 2078)",1
"(1595, 1593)",1,"(3151, 2465)",1
"(1595, 1596)",1,"(1695, 1695)",1
"(1596, 1591)",1,"(2897, 2907)",3
"(1596, 1593)",1,"(1259, 1259)",1
"(1596, 1594)",1,"(2366, 2361)",1
"(1596, 1596)",1,"(2333, 2336)",2
"(1596, 1597)",1,"(1872, 1869)",3
"(1596, 1600)",1,"(3136, 3129)",1
"(1597, 1594)",1,"(1870, 1869)",2
"(1597, 1595)",1,"(1571, 1569)",5
"(1598, 1600)",1,"(2927, 2929)",2
"(1599, 1593)",1,"(2080, 2079)",1
"(1599, 1594)",1,"(3136, 3137)",1
"(1599, 1596)",1,"(1258, 1257)",1
"(1599, 1598)",1,"(1872, 1867)",1
"(1599, 1599)",1,"(2367, 2367)",2
"(1600, 1422)",1,"(1566, 1571)",5
"(1600, 1585)",1,"(2337, 2323)",1
"(1600, 1598)",1,"(1466, 1470)",1
"(1600, 1599)",1,"(2081, 2081)",6
"(1603, 1424)",1,"(2079, 1944)",8
"(1611, 1232)",1,"(2059, 2074)",1
"(1615, 1232)",1,"(2097, 1944)",1
"(1616, 1232)",1,"(1795, 1792)",5
"(1625, 1424)",1,"(1564, 1568)",17
"(1630, 1296)",1,"(1377, 1374)",4
"(1631, 1424)",1,"(2333, 2332)",1
"(1632, 1424)",1,"(194, 187)",1
"(1645, 1296)",1,"(1257, 1247)",1
"(1645, 1661)",1,"(1794, 1794)",2
"(1646, 1655)",1,"(2380, 2383)",1
"(1646, 1657)",1,"(2065, 2080)",2
"(1646, 1658)",1,"(1455, 1296)",2
"(1646, 1659)",1,"(1253, 1249)",3
"(1646, 1660)",1,"(1820, 1728)",1
"(1646, 1661)",1,"(1470, 1473)",2
"(1646, 1663)",1,"(2166, 2142)",1
"(1647, 1645)",1,"(2064, 2075)",2
"(1647, 1653)",1,"(2337, 2332)",1
"(1647, 1654)",1,"(2065, 2064)",2
"(1647, 1656)",1,"(1650, 1659)",1
"(1647, 1657)",1,"(2335, 2321)",4
"(1647, 1658)",1,"(3134, 3131)",1
"(1647, 1659)",1,"(1952, 1943)",5
"(1647, 1660)",1,"(1853, 1849)",1
"(1647, 1661)",1,"(1466, 1472)",2
"(1647, 1662)",1,"(1470, 1467)",4
"(1647, 1663)",1,"(3095, 2297)",1
"(1648, 1645)",1,"(2028, 1769)",1
"(1648, 1646)",1,"(1401, 1152)",5
"(1648, 1649)",1,"(2898, 2913)",4
"(1648, 1650)",1,"(1264, 1265)",1
"(1648, 1652)",1,"(1818, 1728)",2
"(1648, 1654)",1,"(1438, 1441)",4
"(1648, 1655)",1,"(1375, 1377)",1
"(1648, 1656)",1,"(1464, 1467)",2
"(1648, 1657)",1,"(1873, 1871)",1
"(1648, 1658)",1,"(2384, 2385)",3
"(1648, 1659)",1,"(1850, 1632)",5
"(1648, 1660)",1,"(1469, 1471)",4
"(1648, 1661)",1,"(1473, 1468)",3
"(1648, 1662)",1,"(2897, 2905)",2
"(1648, 1663)",1,"(1805, 1728)",3
"(1648, 1664)",1,"(1282, 1276)",1
"(1648, 1665)",1,"(1410, 1137)",5
"(1649, 1654)",1,"(2344, 2338)",5
"(1649, 1655)",1,"(1868, 1873)",1
"(1649, 1656)",1,"(2334, 2323)",2
"(1649, 1657)",1,"(2382, 2379)",2
"(1649, 1658)",1,"(1858, 1869)",1
"(1649, 1659)",1,"(1352, 1152)",1
"(1649, 1660)",1,"(2632, 2145)",1
"(1649, 1661)",1,"(2278, 2000)",6
"(1649, 1662)",1,"(2316, 2320)",1
"(1649, 1663)",1,"(2279, 2000)",7
"(1649, 1664)",1,"(1465, 1467)",1
"(1649, 1665)",1,"(2337, 2317)",1
"(1650, 1652)",1,"(1473, 1466)",4
"(1650, 1653)",1,"(1361, 1359)",1
"(1650, 1654)",1,"(1679, 1676)",1
"(1650, 1655)",1,"(2320, 2321)",2
"(1650, 1656)",1,"(1858, 1841)",2
"(1650, 1657)",1,"(2255, 2000)",2
"(1650, 1658)",1,"(962, 959)",1
"(1650, 1659)",1,"(1255, 1252)",5
"(1650, 1660)",1,"(2286, 2000)",15
"(1650, 1661)",1,"(1646, 1659)",1
"(1650, 1662)",1,"(2521, 2480)",1
"(1650, 1663)",1,"(1338, 1152)",1
"(1650, 1664)",1,"(1790, 1792)",3
"(1650, 1665)",1,"(1870, 1873)",2
"(1651, 1649)",1,"(1443, 1443)",4
"(1651, 1655)",1,"(1376, 1368)",1
"(1651, 1656)",1,"(2168, 2161)",1
"(1651, 1657)",1,"(2745, 2739)",1
"(1651, 1658)",1,"(1792, 1790)",3
"(1651, 1659)",1,"(2335, 2322)",4
"(1651, 1660)",1,"(1265, 1259)",5
"(1651, 1661)",1,"(2063, 1850)",3
"(1651, 1662)",1,"(2391, 1617)",1
"(1651, 1663)",1,"(1650, 1653)",1
"(1651, 1664)",1,"(1857, 1858)",3
"(1657, 1424)",1,"(1856, 1866)",8
"(1657, 1651)",1,"(2787, 2781)",1
"(1658, 1289)",1,"(1464, 1300)",2
"(1658, 1424)",1,"(2056, 2076)",1
"(1659, 1644)",1,"(2170, 2152)",2
"(1659, 1650)",1,"(1886, 1677)",2
"(1662, 1650)",1,"(2336, 2332)",2
"(1663, 1296)",1,"(1407, 1137)",5
"(1664, 1648)",1,"(1466, 1466)",4
"(1664, 1651)",1,"(2946, 1984)",2
"(1665, 1536)",1,"(1468, 1458)",1
"(1665, 1650)",1,"(2173, 2156)",1
"(1676, 1673)",1,"(3130, 3130)",1
"(1676, 1676)",1,"(2640, 2145)",2
"(1676, 1679)",1,"(1257, 1257)",1
"(1676, 1680)",1,"(2167, 2149)",1
"(1677, 1680)",1,"(2776, 2780)",1
"(1678, 1676)",1,"(2642, 2145)",2
"(1679, 1676)",1,"(312, 313)",1
"(1679, 1680)",1,"(1676, 1679)",1
"(1680, 1483)",1,"(1347, 1356)",1
"(1680, 1675)",1,"(2332, 2320)",1
"(1680, 1679)",1,"(3282, 2304)",1
"(1681, 1483)",1,"(1371, 1370)",3
"(1682, 1424)",1,"(2333, 2323)",3
"(1689, 1424)",1,"(2337, 2336)",1
"(1694, 1696)",1,"(2066, 2076)",1
"(1695, 1695)",1,"(1363, 1356)",1
"(1695, 1696)",1,"(1854, 1859)",1
"(1696, 1695)",1,"(1469, 1466)",3
"(1696, 1696)",1,"(1869, 1873)",1
"(1696, 1697)",1,"(1378, 1152)",1
"(1696, 1698)",1,"(1461, 1467)",2
"(1697, 1695)",1,"(1793, 1790)",3
"(1697, 1696)",1,"(1395, 1152)",2
"(1697, 1697)",1,"(1458, 1472)",1
"(1697, 1698)",1,"(2784, 2784)",5
"(1698, 1696)",1,"(1467, 1472)",2
"(1698, 1697)",1,"(2082, 1920)",1
"(1698, 1698)",1,"(2277, 2000)",2
"(1699, 1699)",1,"(2641, 2336)",2
"(1707, 1712)",1,"(2506, 2480)",1
"(1708, 1713)",1,"(3121, 3119)",1
"(1710, 1711)",1,"(1347, 1347)",5
"(1711, 1712)",1,"(1651, 1663)",2
"(1724, 1289)",1,"(1694, 1696)",1
"(1728, 1726)",1,"(2167, 2146)",1
"(1728, 1727)",1,"(1803, 1728)",2
"(1729, 1727)",1,"(2778, 2781)",2
"(1729, 1728)",1,"(1362, 1355)",1
"(1730, 1728)",1,"(2163, 2140)",1
"(1731, 1727)",1,"(2475, 2475)",1
"(1740, 1424)",1,"(2413, 2413)",1
"(1743, 1545)",1,"(2331, 2323)",1
"(1745, 1545)",1,"(1648, 1645)",1
"(1777, 1296)",1,"(1567, 1561)",5
"(1780, 1296)",1,"(1593, 1597)",2
"(1787, 1424)",1,"(2011, 2000)",1
"(1789, 1791)",1,"(2339, 2346)",1
"(1789, 1792)",1,"(2170, 2161)",1
"(1790, 1790)",1,"(1260, 1250)",1
"(1790, 1791)",1,"(2067, 2080)",1
"(1790, 1792)",1,"(1465, 1300)",2
"(1790, 1793)",1,"(1299, 1311)",1
"(1790, 1794)",1,"(959, 893)",1
"(1791, 1791)",1,"(1256, 1248)",2
"(1791, 1792)",1,"(3263, 2848)",1
"(1791, 1793)",1,"(1469, 1472)",5
"(1791, 1794)",1,"(2064, 2073)",2
"(1791, 1795)",1,"(1855, 1859)",1
"(1792, 1789)",1,"(2353, 2354)",3
"(1792, 1790)",1,"(2069, 1920)",1
"(1792, 1791)",1,"(1855, 1868)",2
"(1792, 1792)",1,"(1948, 1943)",1
"(1792, 1793)",1,"(1648, 1665)",1
"(1792, 1794)",1,"(1373, 1375)",1
"(1792, 1795)",1,"(1565, 1564)",5
"(1793, 1790)",1,"(2316, 2319)",3
"(1793, 1791)",1,"(1680, 1675)",1
"(1793, 1792)",1,"(2035, 2035)",1
"(1793, 1793)",1,"(2083, 1424)",1
"(1793, 1794)",1,"(1463, 1469)",2
"(1793, 1795)",1,"(1570, 1566)",15
"(1794, 1790)",1,"(1465, 1464)",1
"(1794, 1791)",1,"(1649, 1664)",2
"(1794, 1792)",1,"(2569, 1728)",2
"(1794, 1793)",1,"(1468, 1472)",3
"(1794, 1794)",1,"(1858, 1632)",1
"(1794, 1795)",1,"(1363, 1359)",2
"(1795, 1791)",1,"(1867, 1868)",5
"(1795, 1792)",1,"(2081, 2083)",2
"(1795, 1793)",1,"(2639, 2336)",2
"(1795, 1794)",1,"(1457, 1457)",1
"(1795, 1795)",1,"(1591, 1593)",1
"(1799, 1728)",1,"(1865, 1870)",2
"(1800, 1728)",1,"(929, 894)",1
"(1801, 1728)",1,"(1649, 1656)",5
"(1802, 1424)",1,"(1566, 1562)",2
"(1802, 1728)",1,"(1256, 1258)",1
"(1803, 1728)",1,"(1663, 1296)",1
"(1804, 1728)",1,"(923, 894)",1
"(1805, 1728)",1,"(1264, 1252)",1
"(1806, 1728)",1,"(2066, 2066)",1
"(1807, 1728)",1,"(2785, 2779)",3
"(1808, 1728)",1,"(1347, 1355)",4
"(1809, 1728)",1,"(1376, 1152)",2
"(1815, 1728)",1,"(2331, 2320)",3
"(1816, 1728)",1,"(658, 672)",1
"(1817, 1728)",1,"(2753, 2736)",1
"(1818, 1728)",1,"(2331, 2321)",1
"(1819, 1607)",1,"(921, 992)",1
"(1819, 1609)",1,"(1648, 1663)",12
"(1820, 1609)",1,"(1463, 1465)",2
"(1820, 1728)",1,"(2336, 2319)",3
"(1821, 1728)",1,"(1562, 1570)",1
"(1822, 1728)",1,"(2058, 2079)",1
"(1823, 1728)",1,"(2266, 2000)",1
"(1824, 1728)",1,"(1436, 1437)",1
"(1825, 1728)",1,"(1677, 1680)",3
"(1840, 1632)",1,"(1254, 1251)",4
"(1845, 1632)",1,"(2032, 1951)",1
"(1846, 1632)",1,"(2058, 2062)",1
"(1847, 1632)",1,"(1729, 1727)",4
"(1848, 1632)",1,"(1562, 1565)",3
"(1849, 1632)",1,"(2440, 2440)",1
"(1850, 1632)",1,"(1571, 1563)",1
"(1851, 1632)",1,"(2922, 2928)",1
"(1851, 1840)",1,"(1649, 1654)",3
"(1851, 1842)",1,"(3266, 3266)",1
"(1852, 1840)",1,"(1436, 1440)",3
"(1852, 1872)",1,"(1347, 1354)",2
"(1853, 1632)",1,"(1646, 1660)",1
"(1853, 1840)",1,"(1370, 1376)",2
"(1853, 1849)",1,"(3136, 3136)",2
"(1853, 1859)",1,"(1374, 1376)",2
"(1854, 1616)",1,"(1649, 1659)",6
"(1854, 1625)",1,"(1466, 1464)",4
"(1854, 1632)",1,"(1281, 1137)",1
"(1854, 1840)",1,"(2273, 2276)",1
"(1854, 1858)",1,"(1325, 1336)",1
"(1854, 1859)",1,"(1471, 1470)",6
"(1854, 1860)",1,"(1659, 1644)",1
"(1854, 1864)",1,"(2184, 1958)",1
"(1854, 1866)",1,"(1346, 1359)",2
"(1854, 1867)",1,"(1462, 1472)",1
"(1854, 1868)",1,"(1676, 1673)",1
"(1854, 1870)",1,"(1953, 1943)",4
"(1854, 1871)",1,"(1915, 1918)",1
"(1854, 1872)",1,"(2145, 2135)",1
"(1855, 1632)",1,"(1055, 893)",1
"(1855, 1839)",1,"(1436, 1439)",2
"(1855, 1840)",1,"(2334, 2348)",1
"(1855, 1841)",1,"(1648, 1646)",1
"(1855, 1842)",1,"(1561, 1570)",2
"(1855, 1853)",1,"(2079, 2081)",3
"(1855, 1856)",1,"(1857, 1860)",1
"(1855, 1859)",1,"(1567, 1560)",1
"(1855, 1860)",1,"(1487, 1488)",3
"(1855, 1864)",1,"(2748, 2741)",1
"(1855, 1865)",1,"(2306, 2320)",1
"(1855, 1866)",1,"(1460, 1467)",1
"(1855, 1867)",1,"(1857, 1859)",5
"(1855, 1868)",1,"(961, 959)",1
"(1855, 1869)",1,"(1647, 1656)",4
"(1855, 1870)",1,"(2092, 1944)",3
"(1855, 1871)",1,"(1851, 1842)",1
"(1855, 1872)",1,"(1472, 1469)",4
"(1856, 1632)",1,"(1342, 1345)",1
"(1856, 1838)",1,"(1255, 1253)",1
"(1856, 1839)",1,"(2783, 2786)",1
"(1856, 1840)",1,"(2307, 2317)",1
"(1856, 1841)",1,"(2291, 1904)",1
"(1856, 1842)",1,"(1470, 1468)",3
"(1856, 1856)",1,"(1883, 1884)",1
"(1856, 1858)",1,"(2342, 2338)",1
"(1856, 1859)",1,"(1263, 1258)",1
"(1856, 1860)",1,"(1464, 1471)",1
"(1856, 1861)",1,"(3789, 2848)",1
"(1856, 1862)",1,"(1792, 1795)",5
"(1856, 1863)",1,"(956, 894)",3
"(1856, 1864)",1,"(1435, 1440)",2
"(1856, 1865)",1,"(2764, 2000)",1
"(1856, 1866)",1,"(2169, 2149)",1
"(1856, 1867)",1,"(1261, 1264)",1
"(1856, 1868)",1,"(2416, 1904)",1
"(1856, 1869)",1,"(2383, 2380)",1
"(1856, 1870)",1,"(2747, 2740)",1
"(1856, 1871)",1,"(1522, 1296)",1
"(1856, 1872)",1,"(2428, 1984)",1
"(1856, 1873)",1,"(1473, 1465)",2
"(1857, 1632)",1,"(990, 894)",2
"(1857, 1839)",1,"(2786, 2786)",2
"(1857, 1840)",1,"(1855, 1869)",3
"(1857, 1841)",1,"(2787, 2785)",1
"(1857, 1842)",1,"(3115, 2480)",1
"(1857, 1843)",1,"(1333, 1296)",2
"(1857, 1858)",1,"(2417, 2410)",1
"(1857, 1859)",1,"(1980, 1424)",1
"(1857, 1860)",1,"(1256, 1259)",1
"(1857, 1861)",1,"(2336, 2336)",2
"(1857, 1862)",1,"(1253, 1252)",3
"(1857, 1863)",1,"(1630, 1296)",1
"(1857, 1864)",1,"(2348, 2338)",7
"(1857, 1865)",1,"(2172, 2161)",1
"(1857, 1866)",1,"(1649, 1657)",2
"(1857, 1867)",1,"(2067, 2065)",1
"(1857, 1868)",1,"(2168, 2154)",1
"(1857, 1869)",1,"(3258, 2848)",2
"(1857, 1870)",1,"(2176, 2155)",1
"(1857, 1871)",1,"(1436, 1441)",1
"(1857, 1872)",1,"(1857, 1632)",5
"(1857, 1873)",1,"(1856, 1858)",1
"(1858, 1625)",1,"(2154, 1958)",1
"(1858, 1632)",1,"(1790, 1793)",3
"(1858, 1841)",1,"(1561, 1556)",1
"(1858, 1856)",1,"(1373, 1371)",1
"(1858, 1858)",1,"(1345, 1346)",1
"(1858, 1859)",1,"(2331, 2319)",2
"(1858, 1860)",1,"(1856, 1872)",5
"(1858, 1864)",1,"(2167, 2156)",3
"(1858, 1865)",1,"(1262, 1254)",2
"(1858, 1866)",1,"(2338, 2331)",1
"(1858, 1867)",1,"(2925, 2929)",1
"(1858, 1868)",1,"(2062, 2071)",1
"(1858, 1869)",1,"(1253, 1250)",1
"(1858, 1870)",1,"(1651, 1659)",3
"(1858, 1871)",1,"(2384, 2381)",1
"(1858, 1872)",1,"(2353, 2338)",1
"(1858, 1873)",1,"(1854, 1868)",1
"(1859, 1862)",1,"(1438, 1437)",3
"(1859, 1863)",1,"(1868, 1869)",1
"(1859, 1864)",1,"(1470, 1470)",7
"(1859, 1865)",1,"(1260, 1258)",1
"(1859, 1866)",1,"(1822, 1728)",1
"(1859, 1867)",1,"(1465, 1465)",1
"(1859, 1868)",1,"(2306, 1625)",1
"(1859, 1869)",2,"(1369, 1372)",1
"(1859, 1870)",2,"(1329, 1296)",3
"(1859, 1871)",2,"(1856, 1865)",4
"(1860, 1864)",2,"(1861, 1865)",2
"(1861, 1865)",2,"(1651, 1662)",6
"(1861, 1872)",2,"(1651, 1656)",3
"(1862, 1867)",2,"(1859, 1867)",3
"(1863, 1869)",2,"(2784, 2785)",4
"(1864, 1864)",2,"(1872, 1872)",2
"(1864, 1872)",2,"(2186, 1958)",1
"(1865, 1863)",2,"(944, 746)",1
"(1865, 1866)",2,"(3135, 3126)",1
"(1865, 1870)",2,"(1562, 1563)",6
"(1866, 1870)",2,"(1467, 1473)",4
"(1867, 1862)",2,"(1855, 1870)",1
"(1867, 1864)",2,"(2639, 2143)",1
"(1867, 1865)",2,"(1708, 1713)",1
"(1867, 1866)",2,"(1872, 1871)",1
"(1867, 1867)",2,"(955, 894)",2
"(1867, 1868)",2,"(1392, 1152)",3
"(1867, 1870)",2,"(1433, 1439)",1
"(1867, 1873)",2,"(2113, 1837)",1
"(1868, 1865)",2,"(1439, 1431)",1
"(1868, 1868)",2,"(1264, 1259)",1
"(1868, 1869)",2,"(2376, 2377)",2
"(1868, 1872)",2,"(1467, 1471)",4
"(1868, 1873)",2,"(2637, 2336)",1
"(1869, 1865)",2,"(2274, 2048)",1
"(1869, 1869)",2,"(1869, 1869)",1
"(1869, 1873)",2,"(1745, 1545)",2
"(1870, 1864)",2,"(2319, 2318)",1
"(1870, 1867)",2,"(1868, 1872)",1
"(1870, 1868)",2,"(956, 893)",1
"(1870, 1869)",2,"(2417, 2414)",1
"(1870, 1873)",2,"(1865, 1863)",1
"(1871, 1862)",2,"(1438, 1435)",4
"(1871, 1865)",2,"(2926, 2929)",1
"(1871, 1869)",2,"(1432, 1433)",1
"(1871, 1870)",2,"(1376, 1376)",7
"(1871, 1871)",2,"(2354, 2354)",5
"(1871, 1872)",2,"(1374, 1378)",1
"(1872, 1866)",2,"(4059, 2848)",1
"(1872, 1867)",2,"(1594, 1587)",1
"(1872, 1869)",2,"(1936, 1935)",2
"(1872, 1870)",2,"(1375, 1374)",1
"(1872, 1871)",2,"(640, 553)",1
"(1872, 1872)",2,"(2128, 1958)",1
"(1873, 1866)",2,"(2302, 2000)",1
"(1873, 1869)",2,"(2082, 2081)",2
"(1873, 1871)",2,"(2895, 2907)",1
"(1883, 1884)",2,"(1600, 1598)",1
"(1886, 1677)",2,"(1265, 1256)",5
"(1887, 1677)",2,"(1440, 1441)",1
"(1888, 1677)",2,"(1561, 1568)",2
"(1889, 1677)",2,"(923, 993)",1
"(1890, 1888)",2,"(1869, 1865)",2
"(1905, 1424)",2,"(1561, 1563)",2
"(1915, 1536)",2,"(943, 753)",1
"(1915, 1918)",2,"(2018, 2000)",1
"(1916, 1296)",2,"(2784, 2786)",1
"(1917, 1536)",2,"(2047, 1944)",1
"(1922, 1424)",2,"(786, 769)",1
"(1936, 1935)",2,"(2752, 2728)",1
"(1936, 1936)",2,"(1377, 1373)",1
"(1936, 1937)",2,"(1559, 1565)",1
"(1937, 1936)",2,"(2543, 1984)",1
"(1947, 1939)",2,"(2384, 2384)",1
"(1948, 1943)",2,"(2191, 1958)",1
"(1951, 1943)",2,"(1362, 1357)",1
"(1952, 1943)",2,"(1262, 1251)",1
"(1953, 1943)",2,"(1649, 1663)",3
"(1976, 1920)",2,"(1254, 1248)",4
"(1980, 1424)",2,"(1468, 1464)",3
"(1984, 1977)",2,"(2335, 2320)",2
"(1985, 1973)",2,"(2209, 1728)",2
"(1989, 1457)",2,"(2307, 2315)",3
"(1996, 1424)",2,"(2320, 2322)",3
"(2011, 2000)",2,"(1728, 1726)",1
"(2013, 1920)",2,"(1465, 1468)",1
"(2013, 1990)",2,"(2382, 2380)",1
"(2014, 1920)",2,"(1409, 1137)",2
"(2015, 1647)",2,"(1858, 1870)",2
"(2015, 1990)",2,"(2206, 1728)",2
"(2015, 2000)",2,"(2081, 2082)",2
"(2016, 1545)",2,"(1257, 1256)",1
"(2016, 2000)",2,"(1404, 1296)",1
"(2018, 2000)",2,"(1468, 1470)",1
"(2019, 2000)",2,"(315, 313)",2
"(2026, 1424)",2,"(2785, 2787)",1
"(2028, 1769)",2,"(2377, 2381)",1
"(2028, 1951)",2,"(1320, 1296)",1
"(2030, 1769)",2,"(2136, 1958)",1
"(2030, 1951)",2,"(1651, 1649)",1
"(2031, 1951)",2,"(1871, 1871)",2
"(2031, 2000)",2,"(1262, 1257)",1
"(2032, 1951)",2,"(1472, 1459)",1
"(2032, 2000)",2,"(1611, 1232)",4
"(2033, 1951)",2,"(2335, 2335)",1
"(2033, 2000)",2,"(1378, 1137)",1
"(2034, 1920)",2,"(1562, 1568)",2
"(2034, 1951)",2,"(2784, 2783)",6
"(2034, 2000)",2,"(1463, 1470)",1
"(2035, 1951)",2,"(1265, 1257)",2
"(2035, 2035)",2,"(1791, 1793)",3
"(2035, 2036)",2,"(1564, 1564)",2
"(2043, 2037)",2,"(1855, 1839)",2
"(2044, 1920)",2,"(1560, 1563)",1
"(2044, 1944)",2,"(2019, 2000)",1
"(2047, 1944)",2,"(2063, 2064)",1
"(2049, 1920)",2,"(1454, 1448)",1
"(2049, 1944)",2,"(1340, 1296)",1
"(2050, 1944)",2,"(1550, 1296)",1
"(2051, 1641)",2,"(1467, 1296)",1
"(2051, 1920)",2,"(2336, 2331)",1
"(2051, 1944)",2,"(3131, 3132)",1
"(2056, 2061)",2,"(1989, 1457)",1
"(2056, 2076)",2,"(2051, 1641)",1
"(2057, 2062)",2,"(1088, 1079)",3
"(2058, 2062)",2,"(1466, 1473)",1
"(2058, 2079)",2,"(2922, 2929)",1
"(2059, 2067)",2,"(1372, 1371)",1
"(2059, 2074)",2,"(1345, 1359)",1
"(2060, 1777)",2,"(1255, 1247)",2
"(2060, 2078)",2,"(2300, 2000)",1
"(2061, 2072)",2,"(193, 187)",3
"(2062, 1850)",2,"(2780, 2779)",1
"(2062, 2065)",2,"(2928, 2927)",2
"(2062, 2071)",2,"(4211, 2848)",1
"(2062, 2073)",2,"(2381, 2377)",2
"(2063, 1850)",2,"(1252, 1252)",1
"(2063, 2057)",2,"(2474, 2442)",1
"(2063, 2064)",2,"(1411, 1137)",2
"(2063, 2073)",2,"(1947, 1939)",1
"(2063, 2076)",2,"(2339, 2332)",1
"(2063, 2078)",2,"(1376, 1374)",2
"(2064, 2063)",2,"(1265, 1244)",1
"(2064, 2070)",2,"(1599, 1593)",2
"(2064, 2071)",2,"(2723, 2350)",2
"(2064, 2073)",2,"(1360, 1296)",2
"(2064, 2074)",2,"(1437, 1432)",3
"(2064, 2075)",2,"(2897, 2910)",1
"(2064, 2078)",2,"(1593, 1584)",1
"(2064, 2079)",2,"(2898, 2904)",2
"(2064, 2080)",2,"(1651, 1661)",5
"(2065, 2063)",2,"(1565, 1571)",2
"(2065, 2064)",2,"(1368, 1371)",3
"(2065, 2068)",2,"(2636, 2146)",1
"(2065, 2078)",2,"(3114, 3119)",1
"(2065, 2079)",2,"(2169, 2159)",1
"(2065, 2080)",2,"(1651, 1664)",2
"(2065, 2081)",2,"(2141, 2126)",1
"(2066, 2066)",2,"(2095, 1944)",3
"(2066, 2076)",2,"(2320, 2316)",1
"(2067, 2064)",2,"(2082, 2082)",4
"(2067, 2065)",2,"(1857, 1839)",2
"(2067, 2080)",2,"(1859, 1863)",4
"(2069, 1920)",2,"(1464, 1462)",1
"(2076, 1920)",2,"(2375, 2376)",1
"(2076, 1944)",2,"(1261, 1255)",3
"(2077, 1944)",2,"(2281, 2000)",5
"(2078, 1944)",2,"(2340, 2304)",1
"(2078, 1990)",2,"(2034, 1951)",1
"(2079, 1920)",2,"(2925, 2927)",1
"(2079, 1944)",2,"(2337, 2346)",1
"(2079, 2079)",2,"(1467, 1463)",1
"(2079, 2080)",2,"(1562, 1569)",3
"(2079, 2081)",2,"(1560, 1568)",1
"(2079, 2082)",2,"(2747, 2738)",1
"(2080, 1944)",2,"(3294, 3291)",1
"(2080, 2078)",2,"(1472, 1461)",1
"(2080, 2079)",2,"(2333, 2353)",1
"(2080, 2080)",2,"(1560, 1566)",1
"(2080, 2081)",2,"(1399, 1150)",1
"(2080, 2082)",2,"(2776, 2779)",2
"(2080, 2083)",2,"(2166, 2141)",1
"(2081, 1944)",2,"(1345, 1347)",1
"(2081, 2079)",2,"(1856, 1838)",1
"(2081, 2080)",2,"(1563, 1571)",2
"(2081, 2081)",2,"(2383, 2383)",1
"(2081, 2082)",2,"(2376, 2383)",1
"(2081, 2083)",2,"(920, 767)",1
"(2082, 1920)",2,"(2329, 2323)",1
"(2082, 1944)",2,"(1469, 1468)",2
"(2082, 2079)",2,"(1790, 1791)",2
"(2082, 2080)",2,"(1597, 1595)",1
"(2082, 2081)",2,"(1262, 1259)",1
"(2082, 2082)",2,"(2169, 2151)",1
"(2082, 2083)",2,"(2307, 2314)",1
"(2083, 1424)",2,"(2784, 2781)",5
"(2083, 1920)",2,"(1856, 1841)",3
"(2083, 2079)",2,"(2167, 2151)",2
"(2083, 2080)",2,"(2338, 2352)",2
"(2083, 2082)",2,"(1936, 1937)",2
"(2083, 2083)",2,"(1872, 1866)",1
"(2089, 1944)",2,"(1343, 1057)",1
"(2090, 1944)",2,"(1456, 1448)",1
"(2092, 1920)",2,"(2559, 1728)",1
"(2092, 1944)",2,"(2137, 1958)",1
"(2094, 1920)",2,"(1855, 1865)",3
"(2095, 1920)",2,"(1371, 1371)",1
"(2095, 1944)",2,"(2663, 2480)",1
"(2097, 1944)",2,"(2320, 2320)",1
"(2109, 1920)",2,"(1600, 1599)",1
"(2110, 1944)",2,"(2782, 2786)",1
"(2112, 2056)",2,"(1916, 1296)",1
"(2113, 1837)",2,"(1373, 1376)",2
"(2113, 2056)",2,"(1592, 1586)",1
"(2128, 1958)",2,"(1264, 1247)",1
"(2129, 1958)",2,"(1348, 1296)",1
"(2134, 2124)",2,"(1441, 1439)",1
"(2135, 1958)",2,"(1435, 1436)",1
"(2136, 1958)",2,"(1679, 1680)",1
"(2137, 1958)",2,"(2336, 2347)",1
"(2141, 2126)",2,"(1368, 1374)",1
"(2145, 2128)",2,"(2169, 1960)",1
"(2145, 2135)",2,"(1463, 1296)",2
"(2145, 2137)",2,"(319, 312)",3
"(2145, 2142)",2,"(1593, 1587)",1
"(2146, 2144)",2,"(1854, 1871)",1
"(2147, 1958)",2,"(2089, 1944)",1
"(2149, 2158)",2,"(2332, 2322)",3
"(2152, 2000)",2,"(2307, 2320)",2
"(2153, 1958)",2,"(2082, 2083)",2
"(2154, 1958)",2,"(1559, 1562)",1
"(2160, 2146)",2,"(3120, 3119)",1
"(2161, 1958)",2,"(1600, 1422)",1
"(2162, 2144)",2,"(1915, 1536)",1
"(2162, 2150)",2,"(1440, 1435)",1
"(2162, 2153)",2,"(2722, 2350)",1
"(2163, 2140)",2,"(1650, 1658)",4
"(2163, 2141)",2,"(1466, 1463)",1
"(2163, 2153)",2,"(1857, 1870)",2
"(2164, 2149)",2,"(1852, 1840)",2
"(2164, 2153)",2,"(1791, 1795)",1
"(2164, 2156)",2,"(2747, 2732)",1
"(2164, 2157)",2,"(1564, 1559)",1
"(2165, 2154)",2,"(1262, 1256)",1
"(2166, 2141)",2,"(2541, 2480)",1
"(2166, 2142)",2,"(190, 187)",2
"(2166, 2152)",2,"(800, 750)",1
"(2167, 1957)",2,"(3132, 3135)",1
"(2167, 2146)",2,"(1461, 1296)",1
"(2167, 2149)",2,"(1866, 1870)",1
"(2167, 2151)",2,"(937, 770)",1
"(2167, 2152)",2,"(1566, 1560)",3
"(2167, 2154)",2,"(1369, 1365)",1
"(2167, 2156)",2,"(2418, 2415)",1
"(2168, 2142)",2,"(2336, 2337)",1
"(2168, 2143)",2,"(1434, 1439)",3
"(2168, 2144)",2,"(1905, 1424)",1
"(2168, 2151)",2,"(2781, 2780)",1
"(2168, 2152)",2,"(1592, 1592)",1
"(2168, 2154)",2,"(1468, 1471)",2
"(2168, 2155)",2,"(2751, 2736)",1
"(2168, 2156)",2,"(2145, 2137)",1
"(2168, 2161)",2,"(1596, 1596)",1
"(2169, 1960)",2,"(3226, 2297)",1
"(2169, 2144)",2,"(1255, 1248)",1
"(2169, 2148)",2,"(2381, 1632)",1
"(2169, 2149)",2,"(1816, 1728)",1
"(2169, 2151)",2,"(1795, 1794)",2
"(2169, 2153)",2,"(1312, 1312)",2
"(2169, 2156)",2,"(1265, 1251)",2
"(2169, 2159)",2,"(1731, 1727)",1
"(2169, 2168)",2,"(4031, 2848)",1
"(2170, 2152)",2,"(2064, 2063)",1
"(2170, 2154)",2,"(959, 958)",1
"(2170, 2158)",2,"(1274, 1273)",1
"(2170, 2159)",2,"(2202, 1728)",2
"(2170, 2161)",2,"(2171, 2139)",1
"(2171, 2139)",2,"(2740, 2742)",1
"(2171, 2144)",2,"(1436, 1438)",2
"(2171, 2161)",2,"(1888, 1677)",1
"(2171, 2167)",2,"(3134, 3129)",1
"(2172, 1958)",2,"(1264, 1253)",2
"(2172, 2161)",2,"(1372, 1296)",1
"(2173, 2142)",2,"(1650, 1654)",1
"(2173, 2156)",2,"(1596, 1597)",1
"(2173, 2160)",2,"(2898, 2905)",2
"(2174, 2154)",3,"(1459, 1296)",1
"(2175, 1944)",3,"(1437, 1435)",1
"(2176, 2151)",3,"(1809, 1728)",1
"(2176, 2155)",3,"(1599, 1596)",1
"(2176, 2167)",3,"(2388, 1630)",1
"(2179, 1944)",3,"(655, 658)",1
"(2180, 2184)",3,"(2635, 2141)",1
"(2183, 1958)",3,"(1847, 1632)",4
"(2184, 1958)",3,"(2335, 2353)",1
"(2186, 1958)",3,"(1433, 1437)",1
"(2191, 1919)",3,"(1372, 1376)",1
"(2191, 1958)",3,"(1867, 1862)",1
"(2192, 1919)",3,"(2333, 2322)",1
"(2195, 1919)",3,"(1858, 1860)",1
"(2202, 1617)",3,"(1859, 1862)",1
"(2202, 1728)",3,"(958, 894)",2
"(2203, 1728)",3,"(1594, 1597)",1
"(2204, 1728)",3,"(1646, 1657)",1
"(2206, 1728)",3,"(2290, 2000)",1
"(2207, 1728)",3,"(1855, 1867)",3
"(2208, 1728)",3,"(920, 752)",1
"(2209, 1728)",3,"(2785, 2781)",1
"(2255, 2000)",3,"(1645, 1661)",1
"(2256, 2000)",3,"(1024, 894)",2
"(2259, 2000)",3,"(2031, 2000)",1
"(2259, 2048)",3,"(2627, 2144)",1
"(2266, 2000)",3,"(1407, 1402)",1
"(2269, 1632)",3,"(1799, 1728)",1
"(2273, 2000)",3,"(1374, 1370)",1
"(2273, 2203)",3,"(1592, 1591)",1
"(2273, 2276)",3,"(1425, 1260)",2
"(2274, 2000)",3,"(1345, 1296)",1
"(2274, 2048)",3,"(3129, 3125)",1
"(2275, 2000)",3,"(2752, 2751)",1
"(2276, 2000)",3,"(1473, 1475)",1
"(2277, 2000)",3,"(1344, 1347)",2
"(2278, 2000)",3,"(1647, 1663)",2
"(2279, 2000)",3,"(1370, 1296)",1
"(2280, 2000)",3,"(2316, 2321)",2
"(2281, 2000)",3,"(938, 893)",1
"(2282, 2000)",3,"(1740, 1424)",1
"(2283, 2000)",3,"(2749, 2742)",1
"(2284, 2000)",3,"(1868, 1865)",2
"(2285, 2000)",3,"(1373, 1296)",1
"(2286, 2000)",3,"(1845, 1632)",2
"(2287, 2000)",3,"(2064, 2080)",1
"(2288, 2000)",3,"(2750, 2740)",2
"(2289, 2000)",3,"(1599, 1594)",1
"(2290, 1904)",3,"(2896, 2906)",2
"(2290, 2000)",3,"(3136, 3131)",3
"(2291, 1904)",3,"(989, 894)",1
"(2300, 2000)",3,"(2315, 2323)",1
"(2302, 2000)",3,"(2013, 1990)",1
"(2304, 2314)",3,"(2922, 2926)",1
"(2305, 2313)",3,"(2065, 2079)",1
"(2306, 1625)",3,"(1374, 1372)",1
"(2306, 2320)",3,"(1680, 1483)",2
"(2307, 2314)",3,"(3135, 3130)",1
"(2307, 2315)",3,"(1449, 1296)",1
"(2307, 2317)",3,"(1730, 1728)",1
"(2307, 2319)",3,"(2752, 2743)",1
"(2307, 2320)",3,"(1854, 1870)",1
"(2307, 2321)",3,"(1855, 1871)",3
"(2315, 2323)",3,"(1851, 1840)",4
"(2316, 2319)",3,"(195, 187)",1
"(2316, 2320)",3,"(1647, 1645)",1
"(2316, 2321)",3,"(2746, 2743)",2
"(2316, 2322)",3,"(1455, 1452)",1
"(2319, 2318)",3,"(1346, 1347)",2
"(2319, 2320)",3,"(2745, 2741)",1
"(2320, 2315)",3,"(1664, 1648)",1
"(2320, 2316)",3,"(1331, 1137)",1
"(2320, 2317)",3,"(1465, 1470)",1
"(2320, 2320)",3,"(2163, 2153)",1
"(2320, 2321)",3,"(1825, 1728)",1
"(2320, 2322)",3,"(2908, 2897)",1
"(2321, 2320)",3,"(2333, 2331)",2
"(2321, 2322)",3,"(2902, 2303)",1
"(2328, 2320)",3,"(1347, 1296)",1
"(2329, 2323)",3,"(1854, 1866)",1
"(2330, 2320)",3,"(1867, 1867)",1
"(2330, 2322)",3,"(1437, 1441)",2
"(2330, 2323)",3,"(1375, 1296)",1
"(2331, 2319)",3,"(1313, 1308)",1
"(2331, 2320)",3,"(2062, 1850)",1
"(2331, 2321)",3,"(1345, 1354)",1
"(2331, 2322)",3,"(1455, 1451)",1
"(2331, 2323)",3,"(1463, 1471)",1
"(2332, 2320)",3,"(2171, 2144)",1
"(2332, 2322)",3,"(1854, 1625)",1
"(2332, 2323)",3,"(2384, 2376)",1
"(2333, 2319)",3,"(1650, 1657)",1
"(2333, 2321)",3,"(2636, 2242)",1
"(2333, 2322)",3,"(921, 993)",1
"(2333, 2323)",3,"(1560, 1567)",1
"(2333, 2331)",3,"(1561, 1562)",1
"(2333, 2332)",3,"(2338, 2353)",1
"(2333, 2335)",3,"(318, 312)",1
"(2333, 2336)",3,"(2095, 1920)",1
"(2333, 2347)",3,"(1263, 1250)",1
"(2333, 2353)",3,"(2638, 2145)",1
"(2334, 2319)",3,"(2094, 1920)",3
"(2334, 2320)",3,"(1858, 1865)",4
"(2334, 2321)",3,"(2928, 2930)",1
"(2334, 2322)",3,"(3293, 2304)",1
"(2334, 2323)",3,"(3128, 3132)",1
"(2334, 2336)",3,"(1400, 1152)",3
"(2334, 2344)",3,"(1434, 1437)",1
"(2334, 2348)",3,"(3033, 2473)",1
"(2335, 2320)",3,"(1389, 1152)",1
"(2335, 2321)",3,"(1855, 1866)",4
"(2335, 2322)",3,"(2304, 2314)",1
"(2335, 2323)",3,"(2079, 1920)",2
"(2335, 2330)",3,"(2337, 2331)",1
"(2335, 2331)",3,"(2336, 2348)",1
"(2335, 2334)",3,"(2276, 2000)",1
"(2335, 2335)",3,"(2333, 2319)",1
"(2335, 2336)",3,"(2922, 2930)",1
"(2335, 2345)",3,"(2204, 1728)",1
"(2335, 2346)",3,"(2874, 2000)",1
"(2335, 2353)",3,"(656, 670)",1
"(2336, 2316)",3,"(2335, 2345)",1
"(2336, 2319)",3,"(2784, 2782)",4
"(2336, 2320)",3,"(827, 747)",1
"(2336, 2321)",3,"(1561, 1566)",2
"(2336, 2322)",3,"(2331, 2322)",1
"(2336, 2323)",3,"(2334, 2336)",1
"(2336, 2331)",3,"(2928, 2926)",1
"(2336, 2332)",3,"(1855, 1856)",1
"(2336, 2336)",3,"(1436, 1436)",1
"(2336, 2337)",3,"(2145, 2142)",1
"(2336, 2346)",3,"(1871, 1872)",1
"(2336, 2347)",3,"(1461, 1465)",1
"(2336, 2348)",4,"(2783, 2782)",2
"(2336, 2349)",4,"(1461, 1464)",1
"(2336, 2351)",4,"(1464, 1465)",1
"(2337, 2317)",4,"(2362, 2364)",1
"(2337, 2319)",4,"(1287, 1281)",1
"(2337, 2320)",4,"(2056, 2061)",1
"(2337, 2322)",4,"(1265, 1252)",1
"(2337, 2323)",4,"(3137, 3132)",1
"(2337, 2331)",4,"(2925, 2928)",1
"(2337, 2332)",4,"(1472, 1464)",3
"(2337, 2336)",4,"(1647, 1654)",1
"(2337, 2345)",4,"(2354, 2353)",1
"(2337, 2346)",4,"(2274, 2000)",1
"(2337, 2348)",4,"(2077, 1944)",2
"(2337, 2351)",4,"(652, 673)",1
"(2338, 2331)",4,"(926, 994)",1
"(2338, 2344)",4,"(2336, 2346)",1
"(2338, 2352)",4,"(2028, 1951)",1
"(2338, 2353)",4,"(2786, 2782)",1
"(2339, 2332)",4,"(1856, 1859)",2
"(2339, 2346)",4,"(3265, 3266)",1
"(2340, 2304)",4,"(2926, 2930)",1
"(2342, 2336)",4,"(1393, 1296)",1
"(2342, 2338)",4,"(2063, 2076)",1
"(2343, 2337)",4,"(3126, 2304)",1
"(2343, 2338)",4,"(1520, 1296)",1
"(2344, 2338)",4,"(1570, 1571)",2
"(2345, 2337)",4,"(1260, 1249)",1
"(2345, 2338)",4,"(1676, 1680)",1
"(2346, 2338)",4,"(1257, 1252)",1
"(2347, 2338)",4,"(2546, 1984)",2
"(2348, 2338)",4,"(1556, 1565)",1
"(2349, 2338)",4,"(3120, 3120)",1
"(2350, 2338)",4,"(1313, 1311)",1
"(2351, 2337)",4,"(2337, 2345)",2
"(2351, 2338)",4,"(2208, 1728)",2
"(2352, 2338)",4,"(1425, 1431)",1
"(2352, 2352)",4,"(2337, 2319)",1
"(2352, 2355)",4,"(1680, 1679)",1
"(2353, 2338)",4,"(2642, 2146)",1
"(2353, 2353)",4,"(1379, 1376)",1
"(2353, 2354)",4,"(2603, 2304)",1
"(2354, 2353)",4,"(1362, 1296)",1
"(2354, 2354)",4,"(1657, 1424)",1
"(2355, 2355)",4,"(1267, 1264)",1
"(2362, 2364)",4,"(2335, 2334)",1
"(2363, 1617)",4,"(1347, 1345)",1
"(2364, 2361)",4,"(2203, 1728)",1
"(2366, 2361)",4,"(1851, 1632)",1
"(2367, 2367)",4,"(1859, 1870)",2
"(2367, 2368)",4,"(1887, 1677)",1
"(2368, 2368)",4,"(2082, 1944)",2
"(2368, 2369)",4,"(1263, 1259)",1
"(2368, 2370)",4,"(1855, 1860)",2
"(2369, 1632)",4,"(1917, 1536)",1
"(2369, 1904)",4,"(1650, 1660)",1
"(2369, 2368)",4,"(2064, 2079)",1
"(2369, 2369)",4,"(1441, 1435)",2
"(2369, 2370)",4,"(2320, 2315)",1
"(2370, 1632)",4,"(1344, 1346)",1
"(2370, 2369)",4,"(1646, 1663)",1
"(2370, 2370)",4,"(2785, 2778)",2
"(2371, 2371)",4,"(2378, 2384)",1
"(2375, 2376)",4,"(1662, 1650)",1
"(2375, 2378)",4,"(1596, 1593)",1
"(2376, 2377)",4,"(3137, 3136)",1
"(2376, 2379)",4,"(2410, 2410)",1
"(2376, 2381)",4,"(2167, 2152)",2
"(2376, 2383)",4,"(3116, 3119)",2
"(2376, 2384)",4,"(1651, 1660)",1
"(2377, 2381)",4,"(2168, 2142)",1
"(2378, 2384)",4,"(1564, 1563)",2
"(2379, 2384)",4,"(2172, 1958)",1
"(2380, 2383)",4,"(2057, 2062)",1
"(2381, 1632)",4,"(1863, 1869)",1
"(2381, 2376)",4,"(1376, 1372)",1
"(2381, 2377)",4,"(2176, 2151)",1
"(2382, 2376)",4,"(1471, 1465)",1
"(2382, 2379)",4,"(2353, 2353)",2
"(2382, 2380)",4,"(1558, 1559)",1
"(2382, 2385)",4,"(1488, 1312)",1
"(2383, 2376)",4,"(2779, 2778)",1
"(2383, 2377)",4,"(2782, 2783)",2
"(2383, 2380)",4,"(1469, 1462)",1
"(2383, 2381)",4,"(2744, 2722)",1
"(2383, 2383)",4,"(1423, 1260)",1
"(2384, 2376)",4,"(2147, 1958)",1
"(2384, 2381)",5,"(1469, 1464)",2
"(2384, 2384)",5,"(2015, 2000)",1
"(2384, 2385)",5,"(1665, 1536)",1
"(2388, 1630)",5,"(2352, 2355)",1
"(2390, 1904)",5,"(1401, 1137)",1
"(2391, 1617)",5,"(1664, 1651)",1
"(2394, 2393)",5,"(2191, 1919)",1
"(2397, 1904)",5,"(1817, 1728)",2
"(2399, 1904)",5,"(1264, 1266)",1
"(2400, 1904)",5,"(2166, 2152)",1
"(2410, 2410)",5,"(2784, 2776)",3
"(2411, 2416)",5,"(317, 312)",1
"(2413, 2413)",5,"(1855, 1632)",1
"(2416, 1904)",5,"(1596, 1591)",1
"(2417, 2410)",5,"(2083, 2079)",1
"(2417, 2414)",5,"(796, 752)",1
"(2417, 2417)",5,"(3134, 3132)",1
"(2418, 2415)",5,"(3148, 2480)",1
"(2428, 1984)",5,"(1502, 1296)",1
"(2429, 1632)",5,"(1689, 1424)",1
"(2440, 2440)",5,"(2382, 2376)",1
"(2443, 2438)",5,"(1391, 1152)",1
"(2450, 2304)",5,"(2382, 2385)",1
"(2464, 1632)",5,"(2640, 2336)",2
"(2466, 2480)",5,"(1466, 1467)",1
"(2468, 2470)",5,"(2782, 2779)",1
"(2471, 2439)",5,"(2866, 2000)",1
"(2474, 2442)",5,"(2164, 2156)",1
"(2475, 2475)",5,"(1821, 1728)",1
"(2481, 2480)",5,"(2259, 2048)",1
"(2492, 2480)",5,"(1088, 1080)",1
"(2505, 2473)",5,"(2399, 1904)",1
"(2506, 2480)",5,"(2169, 2148)",1
"(2521, 2480)",5,"(2170, 2159)",1
"(2541, 2480)",5,"(2064, 2071)",1
"(2543, 1984)",5,"(2030, 1951)",2
"(2544, 1984)",5,"(2897, 2913)",1
"(2546, 1984)",5,"(2763, 2480)",1
"(2559, 1728)",5,"(1632, 1424)",2
"(2569, 1728)",5,"(2149, 2158)",1
"(2603, 2304)",5,"(1473, 1467)",1
"(2627, 2144)",5,"(1343, 1346)",1
"(2631, 2141)",5,"(2337, 2348)",1
"(2632, 2145)",5,"(1728, 1727)",1
"(2634, 2142)",5,"(2343, 2337)",1
"(2635, 2141)",5,"(1435, 1438)",1
"(2636, 2146)",5,"(2505, 2473)",1
"(2636, 2242)",5,"(2781, 2784)",1
"(2637, 2143)",5,"(1262, 1258)",1
"(2637, 2145)",5,"(1402, 1408)",1
"(2637, 2336)",5,"(1646, 1658)",2
"(2638, 2143)",5,"(3090, 2480)",1
"(2638, 2144)",5,"(1400, 1403)",1
"(2638, 2145)",5,"(1256, 1245)",1
"(2638, 2238)",5,"(2049, 1920)",1
"(2639, 2143)",5,"(1372, 1294)",1
"(2639, 2145)",5,"(1856, 1839)",1
"(2639, 2336)",5,"(1464, 1463)",1
"(2640, 2142)",5,"(2785, 2780)",1
"(2640, 2143)",5,"(2316, 2322)",2
"(2640, 2144)",5,"(2160, 2146)",1
"(2640, 2145)",5,"(2164, 2153)",1
"(2640, 2336)",5,"(2631, 2141)",1
"(2641, 2143)",5,"(1368, 1367)",1
"(2641, 2144)",5,"(2924, 2931)",1
"(2641, 2336)",6,"(1379, 1377)",1
"(2642, 2144)",6,"(2896, 2911)",2
"(2642, 2145)",6,"(2687, 2480)",1
"(2642, 2146)",6,"(1563, 1561)",1
"(2663, 2480)",6,"(2335, 2331)",1
"(2669, 2303)",6,"(1787, 1424)",1
"(2687, 2480)",6,"(2640, 2143)",1
"(2720, 2350)",6,"(1376, 1370)",1
"(2722, 2350)",6,"(1593, 1592)",1
"(2723, 2350)",6,"(1665, 1650)",2
"(2731, 2350)",6,"(1376, 1373)",1
"(2740, 2742)",6,"(2785, 2783)",2
"(2744, 2722)",6,"(1330, 1296)",1
"(2745, 2732)",6,"(2162, 2144)",1
"(2745, 2739)",6,"(2897, 2908)",1
"(2745, 2741)",6,"(2162, 2153)",1
"(2746, 2726)",6,"(2899, 2912)",1
"(2746, 2738)",6,"(2818, 2000)",1
"(2746, 2743)",6,"(2015, 1647)",1
"(2747, 2724)",6,"(2146, 2144)",1
"(2747, 2725)",6,"(2065, 2078)",1
"(2747, 2732)",6,"(1470, 1464)",1
"(2747, 2736)",6,"(2083, 2082)",2
"(2747, 2738)",6,"(1347, 1360)",1
"(2747, 2739)",6,"(1326, 1296)",1
"(2747, 2740)",6,"(1857, 1862)",1
"(2747, 2741)",6,"(2256, 2000)",1
"(2747, 2742)",6,"(2638, 2144)",1
"(2747, 2744)",6,"(1870, 1868)",2
"(2748, 2741)",6,"(2641, 2143)",1
"(2749, 2733)",6,"(2749, 2741)",1
"(2749, 2736)",6,"(2747, 2742)",1
"(2749, 2741)",6,"(2273, 2203)",1
"(2749, 2742)",6,"(2896, 2905)",1
"(2750, 2740)",6,"(3118, 3119)",1
"(2750, 2743)",6,"(1263, 1265)",1
"(2751, 2736)",6,"(1259, 1252)",1
"(2751, 2743)",6,"(1263, 1257)",1
"(2752, 2728)",6,"(2171, 2161)",1
"(2752, 2743)",6,"(1565, 1558)",1
"(2752, 2751)",6,"(2783, 2775)",1
"(2753, 2736)",6,"(2367, 2368)",1
"(2753, 2741)",6,"(2397, 1904)",1
"(2753, 2743)",6,"(1465, 1463)",1
"(2763, 2480)",6,"(1282, 1271)",1
"(2764, 2000)",6,"(923, 991)",1
"(2776, 2779)",7,"(1386, 1393)",1
"(2776, 2780)",7,"(2165, 2154)",1
"(2776, 2784)",7,"(2782, 2781)",1
"(2777, 2783)",7,"(2079, 2079)",1
"(2778, 2781)",7,"(2345, 2337)",2
"(2779, 2778)",7,"(2638, 2143)",1
"(2780, 2779)",7,"(1467, 1461)",1
"(2780, 2780)",7,"(1658, 1424)",1
"(2780, 2784)",7,"(3113, 3115)",1
"(2781, 2780)",7,"(2333, 2347)",1
"(2781, 2784)",7,"(3476, 2848)",1
"(2782, 2776)",7,"(2330, 2322)",1
"(2782, 2779)",7,"(1487, 1489)",1
"(2782, 2781)",7,"(2929, 2930)",1
"(2782, 2783)",7,"(2369, 1632)",1
"(2782, 2784)",7,"(1260, 1255)",1
"(2782, 2786)",7,"(188, 187)",1
"(2783, 2775)",7,"(2897, 2906)",1
"(2783, 2778)",7,"(2162, 2150)",1
"(2783, 2779)",7,"(1599, 1598)",2
"(2783, 2781)",7,"(2034, 1920)",1
"(2783, 2782)",7,"(1410, 1296)",1
"(2783, 2783)",7,"(1489, 1489)",1
"(2783, 2786)",8,"(2783, 2778)",1
"(2784, 2776)",8,"(1387, 1151)",1
"(2784, 2779)",8,"(2065, 2068)",1
"(2784, 2781)",8,"(1371, 1375)",1
"(2784, 2782)",8,"(2333, 2335)",1
"(2784, 2783)",8,"(1466, 1469)",1
"(2784, 2784)",8,"(2336, 2316)",1
"(2784, 2785)",8,"(2305, 2313)",1
"(2784, 2786)",8,"(1600, 1585)",1
"(2785, 2778)",8,"(1560, 1564)",1
"(2785, 2779)",8,"(4252, 2848)",1
"(2785, 2780)",8,"(2321, 2322)",1
"(2785, 2781)",8,"(1795, 1795)",1
"(2785, 2782)",9,"(2090, 1944)",2
"(2785, 2783)",9,"(2747, 2725)",1
"(2785, 2784)",9,"(1789, 1792)",1
"(2785, 2785)",9,"(2383, 2376)",1
"(2785, 2787)",9,"(1865, 1866)",1
"(2786, 2782)",9,"(1780, 1296)",1
"(2786, 2784)",9,"(2776, 2784)",1
"(2786, 2786)",9,"(2642, 2144)",1
"(2787, 2781)",9,"(2026, 1424)",1
"(2787, 2785)",9,"(1858, 1873)",1
"(2818, 2000)",9,"(1451, 1457)",1
"(2834, 2293)",9,"(1985, 1973)",1
"(2866, 2000)",9,"(1857, 1843)",1
"(2874, 2000)",9,"(2275, 2000)",1
"(2895, 2907)",9,"(2169, 2168)",1
"(2895, 2912)",10,"(2060, 1777)",1
"(2896, 2905)",10,"(1868, 1868)",1
"(2896, 2906)",10,"(2897, 2912)",1
"(2896, 2910)",10,"(1594, 1594)",1
"(2896, 2911)",10,"(2334, 2322)",1
"(2897, 2903)",10,"(1059, 960)",1
"(2897, 2905)",10,"(642, 669)",1
"(2897, 2906)",10,"(1462, 1467)",2
"(2897, 2907)",11,"(1441, 1438)",1
"(2897, 2908)",11,"(2783, 2783)",1
"(2897, 2910)",11,"(1802, 1424)",1
"(2897, 2912)",11,"(1370, 1370)",1
"(2897, 2913)",11,"(2062, 2073)",1
"(2898, 2903)",11,"(1579, 1536)",1
"(2898, 2904)",11,"(2896, 2910)",1
"(2898, 2905)",11,"(2376, 2381)",1
"(2898, 2906)",12,"(862, 786)",1
"(2898, 2907)",12,"(2337, 2351)",1
"(2898, 2908)",12,"(1488, 1296)",1
"(2898, 2910)",12,"(2450, 2304)",1
"(2898, 2911)",12,"(1369, 1366)",1
"(2898, 2912)",12,"(2170, 2158)",1
"(2898, 2913)",12,"(1648, 1650)",1
"(2899, 2901)",12,"(1890, 1888)",1
"(2899, 2906)",12,"(1434, 1440)",1
"(2899, 2912)",12,"(2899, 2901)",1
"(2902, 2303)",13,"(4064, 2848)",1
"(2908, 2897)",13,"(2956, 2000)",1
"(2911, 2000)",13,"(1378, 1379)",1
"(2922, 2926)",13,"(1556, 1566)",1
"(2922, 2928)",13,"(1470, 1474)",1
"(2922, 2929)",13,"(1599, 1599)",1
"(2922, 2930)",13,"(1724, 1289)",1
"(2924, 2929)",13,"(1264, 1261)",1
"(2924, 2931)",14,"(1457, 1296)",2
"(2925, 2927)",14,"(1649, 1665)",1
"(2925, 2928)",14,"(1650, 1665)",1
"(2925, 2929)",14,"(1260, 1254)",1
"(2926, 2929)",14,"(1338, 1346)",1
"(2926, 2930)",14,"(1464, 1469)",1
"(2927, 2928)",14,"(1647, 1653)",1
"(2927, 2929)",14,"(2333, 2321)",2
"(2928, 2926)",14,"(2180, 2184)",1
"(2928, 2927)",14,"(1374, 1373)",1
"(2928, 2928)",14,"(1263, 1248)",1
"(2928, 2929)",15,"(1373, 1370)",1
"(2928, 2930)",15,"(1790, 1790)",1
"(2929, 2928)",15,"(1402, 1296)",1
"(2929, 2929)",15,"(2170, 2154)",3
"(2929, 2930)",15,"(2897, 2903)",1
"(2946, 1984)",15,"(1856, 1856)",1
"(2956, 2000)",17,"(2145, 2128)",1
"(2976, 2480)",17,"(1468, 1296)",1
"(3001, 2289)",17,"(993, 894)",1
"(3033, 2473)",17,"(1471, 1464)",1
"(3038, 2473)",17,"(1593, 1589)",1
"(3090, 2480)",18,"(1405, 1296)",1
"(3095, 2297)",18,"(3136, 3130)",1
"(3100, 2480)",18,"(1351, 1296)",1
"(3113, 3115)",18,"(1854, 1616)",1
"(3114, 3119)",18,"(3131, 3135)",1
"(3115, 2480)",18,"(3134, 3137)",1
"(3115, 3108)",18,"(1849, 1632)",1
"(3116, 3119)",18,"(1257, 1248)",1
"(3118, 3111)",18,"(1840, 1632)",1
"(3118, 3119)",19,"(2351, 2337)",1
"(3120, 3119)",19,"(774, 777)",1
"(3120, 3120)",20,"(1657, 1651)",1
"(3121, 3119)",20,"(2082, 2079)",1
"(3126, 2304)",20,"(2014, 1920)",1
"(3128, 3132)",20,"(2175, 1944)",1
"(3129, 3125)",22,"(1449, 1452)",1
"(3129, 3131)",22,"(3133, 3118)",1
"(3130, 3130)",22,"(1363, 1355)",1
"(3130, 3131)",22,"(1648, 1649)",1
"(3130, 3132)",22,"(1470, 1465)",1
"(3131, 3129)",23,"(2135, 1958)",1
"(3131, 3131)",23,"(2207, 1728)",1
"(3131, 3132)",24,"(1855, 1864)",2
"(3131, 3135)",24,"(2394, 2393)",1
"(3131, 3136)",24,"(2750, 2743)",1
"(3132, 3127)",26,"(1375, 1370)",1
"(3132, 3135)",27,"(1871, 1865)",1
"(3133, 3118)",27,"(2782, 2784)",1
"(3134, 3129)",30,"(930, 991)",1
"(3134, 3131)",30,"(1564, 1561)",1
"(3134, 3132)",30,"(1404, 1400)",1
"(3134, 3137)",31,"(967, 894)",1
"(3135, 3126)",31,"(1650, 1652)",1
"(3135, 3130)",32,"(1249, 1239)",1
"(3135, 3131)",33,"(2076, 1944)",1
"(3135, 3132)",34,"(1592, 1594)",1
"(3135, 3135)",34,"(1870, 1864)",1
"(3136, 3129)",35,"(2065, 2063)",1
"(3136, 3130)",36,"(1862, 1867)",1
"(3136, 3131)",36,"(1383, 1407)",1
"(3136, 3132)",37,"(2749, 2733)",1
"(3136, 3136)",37,"(1471, 1463)",1
"(3136, 3137)",38,"(1871, 1869)",1
"(3137, 3131)",38,"(2015, 1990)",1
"(3137, 3132)",38,"(2368, 2370)",1
"(3137, 3136)",39,"(1570, 1558)",1
"(3148, 2480)",40,"(2749, 2736)",1
"(3151, 2465)",40,"(2173, 2142)",1
"(3226, 2297)",43,"(1259, 1261)",1
"(3235, 2848)",44,"(930, 992)",1
"(3258, 2848)",47,"(1645, 1296)",1
"(3263, 2848)",47,"(1313, 1313)",1
"(3265, 3266)",51,"(2911, 2000)",1
"(3266, 3266)",54,"(2375, 2378)",1
"(3267, 3267)",54,"(2168, 2151)",1
"(3280, 3276)",57,"(2443, 2438)",1
"(3282, 2304)",58,"(2369, 2368)",1
"(3293, 2304)",62,"(2319, 2320)",1
"(3294, 3291)",62,"(2168, 2144)",1
"(3297, 2848)",63,"(2273, 2000)",1
"(3299, 2848)",70,"(2044, 1944)",1
"(3476, 2848)",76,"(1646, 1661)",1
"(3789, 2848)",77,"(2400, 1904)",1
"(3810, 2848)",81,"(1440, 1438)",1
"(3997, 2848)",101,"(1846, 1632)",1
"(4031, 2848)",106,"(2169, 2153)",1
"(4059, 2848)",110,"(2269, 1632)",1
"(4064, 2848)",111,"(1261, 1249)",1
"(4211, 2848)",120,"(3115, 3108)",1
"(4252, 2848)",141,"(3131, 3136)",1
